{"type": "FeatureCollection", "properties": {"source": "Natural Earth 50m admin-0, clipped to the corridor and simplified to 0.01 deg (~1 km)"}, "features": [{"type": "Feature", "properties": {"iso": "VA", "name": "Vatican"}, "geometry": {"type": "Polygon", "coordinates": [[[12.43916, 41.898389], [12.430566, 41.905469], [12.438379, 41.906201], [12.43916, 41.898389]]]}}, {"type": "Feature", "properties": {"iso": "JE", "name": "Jersey"}, "geometry": {"type": "Polygon", "coordinates": [[[-2.009912, 49.180811], [-2.05376, 49.169824], [-2.091016, 49.187402], [-2.23584, 49.176367], [-2.220508, 49.266357], [-2.082227, 49.255371], [-2.018652, 49.23125], [-2.009912, 49.180811]]]}}, {"type": "Feature", "properties": {"iso": "GG", "name": "Guernsey"}, "geometry": {"type": "Polygon", "coordinates": [[[-2.547363, 49.428711], [-2.639014, 49.450928], [-2.646143, 49.468213], [-2.520898, 49.506299], [-2.512305, 49.494531], [-2.547363, 49.428711]]]}}, {"type": "Feature", "properties": {"iso": "IM", "name": "Isle of Man"}, "geometry": {"type": "Polygon", "coordinates": [[[-4.614258, 54.058691], [-4.696094, 54.081445], [-4.785352, 54.073047], [-4.745557, 54.118799], [-4.69873, 54.224902], [-4.614844, 54.266943], [-4.508643, 54.376709], [-4.424707, 54.407178], [-4.377197, 54.392578], [-4.337988, 54.269092], [-4.392285, 54.225391], [-4.412061, 54.185352], [-4.614258, 54.058691]]]}}, {"type": "Feature", "properties": {"iso": "GB", "name": "United Kingdom"}, "geometry": {"type": "MultiPolygon", "coordinates": [[[[-2.742139, 51.581104], [-2.978516, 51.538867], [-3.293115, 51.39043], [-3.562354, 51.413818], [-3.762695, 51.539941], [-3.890771, 51.59165], [-3.943652, 51.59751], [-4.115283, 51.566406], [-4.23457, 51.569092], [-4.173682, 51.627344], [-4.091016, 51.659912], [-4.276172, 51.68252], [-4.386279, 51.741064], [-4.600781, 51.737646], [-4.717627, 51.683691], [-4.902295, 51.62627], [-5.124756, 51.705859], [-5.168359, 51.740723], [-5.167236, 51.808057], [-5.200586, 51.861377], [-5.262305, 51.880176], [-5.18335, 51.949658], [-5.088086, 51.995898], [-4.878516, 52.041846], [-4.383154, 52.197314], [-4.149365, 52.32627], [-4.050537, 52.475146], [-3.980322, 52.541748], [-4.048437, 52.557617], [-4.078906, 52.607861], [-4.070703, 52.658838], [-4.039258, 52.704053], [-4.117529, 52.82002], [-4.101465, 52.915479], [-4.356445, 52.897412], [-4.583691, 52.814941], [-4.683057, 52.806152], [-4.681445, 52.844141], [-4.63833, 52.891113], [-4.405078, 53.013818], [-4.328418, 53.105127], [-4.268555, 53.144531], [-4.111035, 53.218945], [-3.764209, 53.307617], [-3.645898, 53.2979], [-3.326172, 53.347168], [-3.097559, 53.260303], [-3.165576, 53.394678], [-3.064746, 53.426855], [-2.918555, 53.305371], [-2.86416, 53.292578], [-2.749512, 53.310205], [-2.913086, 53.350244], [-2.969971, 53.389209], [-3.0646, 53.512842], [-3.059473, 53.58623], [-2.925098, 53.732764], [-3.031787, 53.773584], [-3.045361, 53.843848], [-3.026758, 53.905908], [-2.899854, 53.960693], [-2.862402, 54.043848], [-2.846484, 54.135303], [-2.867578, 54.177246], [-2.993506, 54.170508], [-3.109668, 54.126318], [-3.165967, 54.12793], [-3.321533, 54.229102], [-3.569385, 54.467578], [-3.592041, 54.564355], [-3.4646, 54.773096], [-3.26792, 54.906592], [-3.03623, 54.953076], [-3.434082, 54.96377], [-3.550439, 54.947412], [-3.658301, 54.892871], [-3.783252, 54.869922], [-3.95791, 54.780957], [-4.132959, 54.779248], [-4.208398, 54.837158], [-4.253418, 54.846777], [-4.51748, 54.75835], [-4.818066, 54.846143], [-4.889502, 54.772266], [-4.91123, 54.689453], [-5.032324, 54.761377], [-5.135498, 54.85752], [-5.170117, 54.91792], [-5.172705, 54.985889], [-5.116699, 55.012256], [-5.055859, 54.988135], [-4.965186, 55.149463], [-4.721143, 55.420996], [-4.676758, 55.501318], [-4.684375, 55.553906], [-4.72417, 55.598291], [-4.891846, 55.699121], [-4.87168, 55.873926], [-4.826074, 55.929541], [-4.584082, 55.938672], [-4.844092, 56.051172], [-4.800293, 56.15835], [-4.9271, 56.028076], [-5.092822, 55.987305], [-5.11499, 55.944629], [-5.19585, 55.928662], [-5.2146, 55.888867], [-5.228223, 55.886328], [-5.245605, 55.929248], [-5.247314, 56.000391], [-5.222949, 56.06582], [-5.176416, 56.116992], [-4.996973, 56.23335], [-5.282324, 56.089941], [-5.383447, 56.019238], [-5.418896, 55.975244], [-5.3729, 55.827686], [-5.38584, 55.770117], [-5.556445, 55.3896], [-5.58877, 55.351416], [-5.646533, 55.326855], [-5.730664, 55.334131], [-5.768213, 55.362646], [-5.7521, 55.443457], [-5.681348, 55.623975], [-5.605029, 55.720752], [-5.504492, 55.802393], [-5.573877, 55.791699], [-5.622852, 55.813135], [-5.60957, 56.055273], [-5.555273, 56.134961], [-5.534961, 56.25083], [-5.391943, 56.514795], [-5.329443, 56.555908], [-5.312695, 56.618799], [-5.188379, 56.758057], [-5.652441, 56.531982], [-5.864844, 56.561865], [-5.936768, 56.605713], [-5.968896, 56.689893], [-6.057715, 56.692139], [-6.133691, 56.706689], [-6.132764, 56.718018], [-6.034717, 56.763916], [-5.877637, 56.779639], [-5.730615, 56.853076], [-5.861426, 56.902686], [-5.736279, 56.960645], [-5.591309, 57.102344], [-5.561914, 57.232715], [-5.656348, 57.334082], [-5.794922, 57.378809], [-5.818066, 57.436084], [-5.801953, 57.468018], [-5.756738, 57.499219], [-5.581787, 57.546777], [-5.67876, 57.57168], [-5.714941, 57.601074], [-5.744922, 57.668311], [-5.694727, 57.778223], [-5.60835, 57.881348], [-5.349023, 57.878076], [-5.319189, 57.903613], [-5.289795, 57.90459], [-5.157227, 57.881348], [-5.413184, 58.069727], [-5.351367, 58.143701], [-5.355957, 58.211914], [-5.338281, 58.238721], [-5.008301, 58.262646], [-5.080615, 58.345166], [-5.090137, 58.384521], [-5.066504, 58.520215], [-5.016748, 58.566553], [-4.975635, 58.580322], [-4.924658, 58.588379], [-4.809619, 58.5729], [-4.71543, 58.51001], [-4.491895, 58.568457], [-4.433252, 58.512842], [-4.188623, 58.557227], [-3.453564, 58.616895], [-3.259131, 58.65], [-3.053076, 58.634814], [-3.056982, 58.58877], [-3.109668, 58.515479], [-3.101123, 58.433691], [-3.112891, 58.408887], [-3.212354, 58.32124], [-3.990039, 57.959033], [-4.035596, 57.852002], [-3.906836, 57.839648], [-3.857129, 57.818555], [-3.887939, 57.786914], [-4.078418, 57.677051], [-4.134521, 57.577734], [-3.988477, 57.58125], [-3.402783, 57.708252], [-3.294531, 57.710156], [-3.036035, 57.672314], [-2.856299, 57.692285], [-2.244141, 57.680859], [-2.074072, 57.702393], [-1.961523, 57.67666], [-1.867383, 57.612354], [-1.77793, 57.49375], [-1.780664, 57.474023], [-1.934473, 57.352197], [-2.020312, 57.258887], [-2.089551, 57.102539], [-2.260254, 56.86333], [-2.42666, 56.730713], [-2.500977, 56.636572], [-2.592676, 56.561572], [-2.680957, 56.514404], [-2.775195, 56.482959], [-3.047412, 56.449365], [-3.214453, 56.383936], [-3.309961, 56.363477], [-2.885156, 56.39751], [-2.652734, 56.318262], [-2.674268, 56.253418], [-2.767578, 56.202148], [-2.979785, 56.194092], [-3.178223, 56.080127], [-3.362256, 56.027637], [-3.695117, 56.06333], [-3.789062, 56.095215], [-3.70415, 56.043164], [-3.607812, 56.016016], [-3.04873, 55.951953], [-2.836865, 56.02627], [-2.599316, 56.027295], [-2.14707, 55.902979], [-1.830273, 55.671729], [-1.655371, 55.570361], [-1.610156, 55.498096], [-1.422656, 55.026416], [-1.291748, 54.773877], [-1.232422, 54.703711], [-1.154395, 54.654492], [-0.671387, 54.503906], [-0.370361, 54.279199], [-0.232861, 54.190137], [-0.084375, 54.118066], [-0.156299, 54.080615], [-0.205566, 54.021729], [-0.16875, 53.94165], [0.115332, 53.609277], [0.036084, 53.640527], [-0.07373, 53.643652], [-0.27002, 53.736768], [-0.461377, 53.716162], [-0.659912, 53.724023], [-0.485059, 53.694385], [-0.293701, 53.692334], [0.12832, 53.468262], [0.270996, 53.335498], [0.355762, 53.159961], [0.298047, 53.081104], [0.045898, 52.905615], [0.279785, 52.808691], [0.381934, 52.825195], [0.558789, 52.966943], [0.704492, 52.977246], [0.948535, 52.953369], [1.055566, 52.958984], [1.271289, 52.924561], [1.382129, 52.893506], [1.656738, 52.753711], [1.716113, 52.677246], [1.743359, 52.578516], [1.746582, 52.468994], [1.647363, 52.278516], [1.591406, 52.119775], [1.413477, 51.994775], [1.316797, 51.956934], [1.232422, 51.97124], [1.227832, 51.949121], [1.273828, 51.9021], [1.274414, 51.845361], [1.188477, 51.803369], [1.101172, 51.785449], [0.955078, 51.807812], [0.752246, 51.72959], [0.898047, 51.689404], [0.927441, 51.646631], [0.890918, 51.571436], [0.799219, 51.537891], [0.507227, 51.501074], [0.424512, 51.465625], [0.52832, 51.484473], [0.600293, 51.467969], [0.645508, 51.404687], [0.686523, 51.386572], [0.889355, 51.359521], [1.257129, 51.375098], [1.414941, 51.363281], [1.397559, 51.182031], [1.365527, 51.155469], [1.044434, 51.047266], [0.978613, 50.97168], [0.960156, 50.925879], [0.772363, 50.933984], [0.684375, 50.885547], [0.532324, 50.853418], [0.299707, 50.775977], [0.205078, 50.763037], [-0.203906, 50.814355], [-0.450781, 50.810156], [-0.785254, 50.76543], [-0.871387, 50.772803], [-1.132861, 50.84458], [-1.285059, 50.857324], [-1.416455, 50.896875], [-1.334473, 50.820801], [-1.516748, 50.747461], [-1.60083, 50.732861], [-1.866016, 50.715234], [-2.031055, 50.725391], [-1.962061, 50.627783], [-2.03584, 50.603076], [-2.350146, 50.637402], [-2.394678, 50.630908], [-2.433447, 50.599219], [-2.547754, 50.616309], [-2.776953, 50.705566], [-2.900879, 50.722412], [-2.999414, 50.716602], [-3.40459, 50.632422], [-3.485449, 50.547949], [-3.525879, 50.428174], [-3.584375, 50.321826], [-3.679785, 50.239941], [-3.793359, 50.229248], [-3.900195, 50.285937], [-4.103418, 50.348535], [-4.19458, 50.393311], [-4.296973, 50.359082], [-4.506689, 50.341357], [-4.727979, 50.290479], [-5.009521, 50.160742], [-5.048633, 50.134375], [-5.118506, 50.03833], [-5.225244, 50.021387], [-5.322852, 50.082959], [-5.433984, 50.104443], [-5.551221, 50.083398], [-5.622119, 50.050684], [-5.655176, 50.077246], [-5.65625, 50.131885], [-5.570654, 50.196973], [-5.342285, 50.246143], [-5.141797, 50.37373], [-5.004443, 50.495264], [-4.956396, 50.523145], [-4.893555, 50.533691], [-4.861279, 50.582031], [-4.58291, 50.776367], [-4.523096, 50.977441], [-4.296484, 51.027148], [-4.188184, 51.188525], [-3.842334, 51.230908], [-3.60791, 51.228564], [-3.375098, 51.196973], [-3.135986, 51.205029], [-3.042041, 51.248584], [-2.88125, 51.405664], [-2.590283, 51.608594], [-2.433057, 51.740723], [-2.742139, 51.581104]]], [[[-4.154883, 53.302832], [-4.049365, 53.305762], [-4.084277, 53.264307], [-4.373047, 53.13418], [-4.418848, 53.178027], [-4.471973, 53.176367], [-4.553223, 53.260449], [-4.567871, 53.386475], [-4.461719, 53.419287], [-4.315088, 53.417236], [-4.154883, 53.302832]]], [[[-2.662061, 59.230176], [-2.603613, 59.289307], [-2.535645, 59.30415], [-2.406982, 59.297559], [-2.429834, 59.271045], [-2.548877, 59.231348], [-2.662061, 59.230176]]], [[[-1.067871, 60.502295], [-1.165527, 60.603906], [-1.093311, 60.720215], [-1.005615, 60.716504], [-0.99165, 60.686035], [-1.000342, 60.658008], [-1.049023, 60.646924], [-1.034229, 60.530176], [-1.067871, 60.502295]]], [[[-1.287402, 60.467041], [-1.235742, 60.485303], [-1.157764, 60.417725], [-1.052441, 60.444482], [-1.065674, 60.381592], [-1.179248, 60.113916], [-1.199316, 60.006592], [-1.245312, 59.97124], [-1.299463, 59.878662], [-1.355859, 59.911133], [-1.276172, 60.114648], [-1.290918, 60.153467], [-1.322803, 60.188379], [-1.481494, 60.173389], [-1.499121, 60.221777], [-1.641357, 60.236768], [-1.66377, 60.28252], [-1.57666, 60.298389], [-1.494434, 60.29248], [-1.374609, 60.33291], [-1.449561, 60.468555], [-1.571777, 60.494434], [-1.552637, 60.517432], [-1.498145, 60.529834], [-1.414209, 60.59873], [-1.301709, 60.607666], [-1.308105, 60.5375], [-1.287402, 60.467041]]], [[[-0.774316, 60.800488], [-0.826172, 60.716162], [-0.825488, 60.683936], [-0.922266, 60.697266], [-0.938086, 60.745654], [-0.91582, 60.810449], [-0.864941, 60.805811], [-0.801807, 60.83125], [-0.774316, 60.800488]]], [[[-3.158545, 58.801221], [-3.278809, 58.781934], [-3.367188, 58.839746], [-3.40083, 58.881787], [-3.394727, 58.909619], [-3.357422, 58.918994], [-3.271924, 58.905273], [-3.227637, 58.857178], [-3.211621, 58.813574], [-3.158545, 58.801221]]], [[[-2.938965, 58.738623], [-2.975391, 58.756934], [-3.035449, 58.822656], [-2.896436, 58.827588], [-2.938965, 58.738623]]], [[[-3.070703, 59.00498], [-2.81792, 58.981885], [-2.762451, 58.955811], [-2.793018, 58.906934], [-2.826221, 58.893262], [-2.86377, 58.890527], [-2.994824, 58.939355], [-3.166602, 58.919092], [-3.22334, 58.93877], [-3.242139, 58.999707], [-3.304346, 58.967432], [-3.331641, 58.97124], [-3.353711, 59.01875], [-3.346826, 59.06499], [-3.310352, 59.130811], [-3.248584, 59.143945], [-3.156494, 59.136328], [-3.019238, 59.076025], [-3.02002, 59.057666], [-3.070703, 59.00498]]], [[[-2.815234, 59.161914], [-2.851855, 59.182471], [-2.861426, 59.246826], [-3.013477, 59.291455], [-3.052051, 59.323877], [-2.975537, 59.347119], [-2.861621, 59.28833], [-2.815039, 59.24082], [-2.719922, 59.219482], [-2.729395, 59.186768], [-2.815234, 59.161914]]], [[[-6.664453, 56.579443], [-6.668555, 56.593604], [-6.569922, 56.66123], [-6.483691, 56.665771], [-6.607617, 56.58501], [-6.664453, 56.579443]]], [[[-5.231494, 55.448096], [-5.331494, 55.481055], [-5.392676, 55.618359], [-5.370801, 55.666943], [-5.318115, 55.70918], [-5.251611, 55.716943], [-5.185449, 55.690967], [-5.10498, 55.573975], [-5.094727, 55.494336], [-5.10542, 55.448828], [-5.231494, 55.448096]]], [[[-6.176172, 56.288721], [-6.313428, 56.293652], [-6.32583, 56.320947], [-6.298486, 56.33916], [-6.184863, 56.356885], [-6.138867, 56.490625], [-6.310645, 56.552148], [-6.319678, 56.569434], [-6.286328, 56.611865], [-6.18208, 56.642969], [-6.102734, 56.645654], [-6.02959, 56.609814], [-5.94668, 56.534521], [-5.836035, 56.522559], [-5.76084, 56.490674], [-5.777881, 56.344336], [-6.176172, 56.288721]]], [[[-6.128906, 55.930566], [-6.055322, 55.695312], [-6.088379, 55.65752], [-6.253174, 55.607227], [-6.305078, 55.606934], [-6.27002, 55.670313], [-6.302051, 55.728369], [-6.286426, 55.77251], [-6.301758, 55.780615], [-6.451953, 55.704248], [-6.491357, 55.697314], [-6.495654, 55.711572], [-6.462842, 55.808252], [-6.413184, 55.854639], [-6.344141, 55.87373], [-6.311279, 55.856494], [-6.128906, 55.930566]]], [[[-5.990918, 55.803809], [-6.041553, 55.806787], [-6.060352, 55.8229], [-6.071973, 55.893115], [-6.041309, 55.925635], [-5.911768, 55.974756], [-5.970312, 55.992188], [-5.939062, 56.045264], [-5.799609, 56.108789], [-5.725146, 56.118555], [-5.797217, 56.005615], [-5.990918, 55.803809]]], [[[-6.32583, 58.188867], [-6.375586, 58.18457], [-6.419287, 58.140967], [-6.55459, 58.092871], [-6.436523, 58.091895], [-6.403369, 58.075879], [-6.402441, 58.041357], [-6.425195, 58.021289], [-6.578125, 57.941357], [-6.683301, 57.911035], [-6.796582, 57.827539], [-6.85376, 57.826514], [-6.956934, 57.750049], [-7.013184, 57.761768], [-7.083447, 57.81377], [-6.955957, 57.864893], [-6.944141, 57.893652], [-6.856836, 57.923535], [-7.05708, 58.003174], [-6.985303, 58.050488], [-7.076904, 58.079004], [-7.088477, 58.095361], [-7.085254, 58.182178], [-7.028418, 58.222314], [-6.949561, 58.217676], [-6.88623, 58.182568], [-6.812305, 58.196094], [-6.726465, 58.189404], [-6.787744, 58.283887], [-6.776465, 58.301514], [-6.237451, 58.502832], [-6.194238, 58.435107], [-6.198682, 58.363281], [-6.32583, 58.188867]]], [[[-6.30874, 56.951807], [-6.383398, 56.970898], [-6.432617, 57.01792], [-6.322363, 57.050537], [-6.278223, 57.031396], [-6.260547, 56.985254], [-6.30874, 56.951807]]], [[[-6.146143, 57.460791], [-6.16377, 57.408838], [-6.135547, 57.314258], [-6.067627, 57.283545], [-5.880273, 57.263232], [-5.706006, 57.268945], [-5.672461, 57.252686], [-5.668652, 57.226904], [-5.91377, 57.062646], [-5.987305, 57.044434], [-6.014746, 57.051953], [-6.034375, 57.201221], [-6.162744, 57.182129], [-6.266113, 57.184326], [-6.322705, 57.20249], [-6.442432, 57.32749], [-6.675439, 57.362891], [-6.761133, 57.442383], [-6.704199, 57.495752], [-6.643457, 57.482617], [-6.583008, 57.507129], [-6.616797, 57.562695], [-6.378516, 57.60332], [-6.357666, 57.666797], [-6.305957, 57.671973], [-6.246924, 57.651221], [-6.166064, 57.585303], [-6.146143, 57.460791]]], [[[-7.092773, 57.62666], [-7.182617, 57.533301], [-7.320557, 57.53374], [-7.514746, 57.601953], [-7.515625, 57.615869], [-7.470312, 57.652539], [-7.271191, 57.657471], [-7.205566, 57.682959], [-7.092773, 57.62666]]], [[[-7.292041, 57.109766], [-7.381494, 57.130664], [-7.415918, 57.192139], [-7.410547, 57.381104], [-7.267139, 57.371777], [-7.247559, 57.126367], [-7.292041, 57.109766]]], [[[-7.504785, 56.95166], [-7.542969, 56.972363], [-7.522949, 57.006787], [-7.455469, 57.018945], [-7.406689, 57.000293], [-7.398926, 56.98335], [-7.416895, 56.96543], [-7.504785, 56.95166]]], [[[-6.303662, 54.094873], [-6.402588, 54.060645], [-6.649805, 54.058643], [-6.664209, 54.084766], [-6.646875, 54.163428], [-6.669531, 54.184717], [-6.766602, 54.195605], [-6.802588, 54.214355], [-6.85835, 54.268652], [-6.877246, 54.329102], [-7.007715, 54.406689], [-7.049707, 54.408252], [-7.202588, 54.301807], [-7.155469, 54.239502], [-7.324512, 54.133447], [-7.355176, 54.12124], [-7.409424, 54.137305], [-7.606543, 54.143848], [-7.67876, 54.18667], [-7.854932, 54.215283], [-7.884473, 54.283789], [-8.118262, 54.414258], [-8.144824, 54.453516], [-8.044336, 54.512451], [-7.793799, 54.57124], [-7.754395, 54.594922], [-7.746289, 54.61582], [-7.886133, 54.666064], [-7.910596, 54.69834], [-7.872949, 54.717871], [-7.7375, 54.710449], [-7.550391, 54.767969], [-7.45127, 54.8771], [-7.401416, 55.00332], [-7.376904, 55.027686], [-7.218652, 55.091992], [-7.178613, 55.056885], [-7.100635, 55.048291], [-7.030762, 55.080615], [-6.947168, 55.18252], [-6.698828, 55.193457], [-6.475049, 55.241016], [-6.12915, 55.217383], [-6.035791, 55.144531], [-5.985742, 55.029688], [-5.869189, 54.916211], [-5.716846, 54.81748], [-5.710742, 54.75708], [-5.879102, 54.684375], [-5.878613, 54.641309], [-5.738623, 54.673047], [-5.58252, 54.663428], [-5.52793, 54.619629], [-5.47041, 54.500195], [-5.483887, 54.44165], [-5.525879, 54.460205], [-5.568555, 54.512598], [-5.671094, 54.549756], [-5.646094, 54.477881], [-5.655957, 54.381738], [-5.557812, 54.370996], [-5.606787, 54.272559], [-5.826172, 54.23584], [-5.937744, 54.089062], [-6.019043, 54.05127], [-6.303662, 54.094873]]], [[[-1.149365, 50.655713], [-1.196094, 50.599219], [-1.306299, 50.588525], [-1.515332, 50.669775], [-1.563428, 50.666113], [-1.515674, 50.70332], [-1.38584, 50.733545], [-1.312793, 50.773486], [-1.144238, 50.734717], [-1.065576, 50.690234], [-1.149365, 50.655713]]]]}}, {"type": "Feature", "properties": {"iso": "UA", "name": "Ukraine"}, "geometry": {"type": "MultiPolygon", "coordinates": [[[[38.17832, 47.080225], [37.828711, 47.09585], [37.543359, 47.074561], [37.339844, 46.916895], [37.218555, 46.917334], [37.047559, 46.876221], [36.932031, 46.825146], [36.794824, 46.714404], [36.688672, 46.764111], [36.558789, 46.762695], [36.432031, 46.732568], [36.279492, 46.658594], [36.194629, 46.645508], [36.024902, 46.666797], [35.827148, 46.624316], [35.400195, 46.381396], [35.256641, 46.203906], [35.204395, 46.169189], [35.132324, 46.125879], [35.014551, 46.106006], [35.280176, 46.279492], [35.291992, 46.370703], [35.230371, 46.440625], [35.064063, 46.267236], [34.849609, 46.189893], [34.84375, 46.073584], [34.857324, 45.987354], [34.906641, 45.878809], [35.001674, 45.733383], [34.946428, 45.728686], [34.799726, 45.790752], [34.794084, 45.892315], [34.686878, 45.97695], [34.449898, 45.965666], [34.353978, 46.061586], [34.224203, 46.101083], [34.128283, 46.089798], [34.02672, 46.106725], [33.806667, 46.208288], [33.659965, 46.219573], [33.654323, 46.146222], [33.594141, 46.09624], [33.429883, 46.057617], [33.263477, 46.125684], [33.202246, 46.175732], [32.941797, 46.123779], [32.796875, 46.131494], [32.476758, 46.083691], [32.329883, 46.130371], [32.035742, 46.260986], [31.925195, 46.287256], [31.83125, 46.281689], [31.77998, 46.324658], [31.991699, 46.364404], [32.013086, 46.387158], [32.008496, 46.42998], [31.855762, 46.462451], [31.713672, 46.471777], [31.554883, 46.554297], [31.716016, 46.55498], [31.87793, 46.52168], [32.131445, 46.509375], [32.361328, 46.474951], [32.578027, 46.615625], [32.354102, 46.564844], [32.127246, 46.597217], [32.044336, 46.64248], [31.974316, 46.708789], [31.944922, 46.784375], [31.964063, 46.854834], [31.939551, 46.981982], [31.838184, 47.157227], [31.75918, 47.212842], [31.912695, 46.926123], [31.90166, 46.721631], [31.872852, 46.649756], [31.77959, 46.631641], [31.532129, 46.664746], [31.563379, 46.777295], [31.496875, 46.738379], [31.40293, 46.628809], [31.320313, 46.6125], [31.136816, 46.624463], [30.796289, 46.552002], [30.72168, 46.366211], [30.656738, 46.266504], [30.511523, 46.105371], [30.219043, 45.866748], [29.821191, 45.73208], [29.685059, 45.754688], [29.628418, 45.722461], [29.60166, 45.68252], [29.601172, 45.6], [29.670313, 45.540674], [29.726953, 45.343311], [29.705859, 45.259912], [29.567676, 45.370801], [29.403711, 45.419678], [29.223535, 45.40293], [29.027441, 45.320557], [28.894336, 45.289941], [28.781738, 45.309863], [28.769824, 45.266895], [28.791406, 45.251904], [28.760742, 45.234131], [28.45127, 45.292187], [28.317676, 45.347119], [28.2125, 45.450439], [28.310352, 45.498584], [28.499023, 45.517725], [28.51377, 45.572412], [28.491602, 45.665771], [28.562305, 45.735791], [28.667578, 45.793848], [28.729297, 45.852002], [28.73877, 45.937158], [28.849512, 45.978662], [28.947754, 46.049951], [28.971875, 46.127637], [29.00625, 46.176465], [28.94375, 46.288428], [28.930566, 46.362256], [28.927441, 46.424121], [28.958398, 46.458496], [29.146289, 46.526904], [29.18623, 46.523975], [29.200781, 46.50498], [29.20459, 46.379346], [29.25459, 46.392627], [29.304883, 46.466602], [29.392871, 46.436914], [29.458789, 46.45376], [29.555078, 46.407764], [29.614941, 46.398828], [29.706836, 46.44873], [29.751953, 46.437793], [29.837891, 46.350537], [30.075684, 46.377832], [30.131055, 46.423096], [29.924316, 46.538867], [29.94248, 46.723779], [29.877832, 46.828906], [29.719727, 46.88291], [29.571973, 46.964014], [29.563477, 47.04751], [29.515039, 47.091113], [29.510938, 47.128027], [29.541797, 47.185547], [29.53916, 47.270996], [29.383398, 47.328027], [29.333789, 47.375732], [29.159766, 47.455664], [29.134863, 47.489697], [29.122949, 47.530371], [29.186035, 47.658594], [29.211133, 47.775], [29.194824, 47.882422], [29.125391, 47.964551], [29.092969, 47.975439], [28.97334, 47.933008], [28.923145, 47.951123], [28.86582, 47.995654], [28.773828, 48.11958], [28.530469, 48.150293], [28.463086, 48.090527], [28.423047, 48.146875], [28.3875, 48.162109], [28.340527, 48.144434], [28.326953, 48.161426], [28.347168, 48.213037], [28.291016, 48.238574], [28.158789, 48.237988], [28.088477, 48.257031], [28.080078, 48.295801], [28.038477, 48.321289], [27.963379, 48.333545], [27.82002, 48.41626], [27.549219, 48.477734], [27.403809, 48.415625], [27.336914, 48.432715], [27.228516, 48.371436], [26.900586, 48.371924], [26.84707, 48.387158], [26.64043, 48.294141], [26.618945, 48.259863], [26.305664, 48.20376], [26.276953, 48.113232], [26.162695, 47.992529], [25.464258, 47.910791], [25.169629, 47.823096], [25.073828, 47.745703], [24.893359, 47.717773], [24.578906, 47.931055], [24.484082, 47.947119], [24.177734, 47.906055], [24.059766, 47.944775], [24.001855, 47.935791], [23.669043, 47.992334], [23.408203, 47.98999], [23.202637, 48.084521], [23.139453, 48.087402], [23.054785, 48.006543], [22.87666, 47.947266], [22.856055, 47.960303], [22.846484, 47.99707], [22.857227, 48.029541], [22.769141, 48.109619], [22.676367, 48.104395], [22.582422, 48.134033], [22.520117, 48.205371], [22.350195, 48.256055], [22.316699, 48.286621], [22.253711, 48.407373], [22.131836, 48.405322], [22.142871, 48.568506], [22.295215, 48.68584], [22.389453, 48.873486], [22.524121, 49.031396], [22.538672, 49.072705], [22.57998, 49.077197], [22.809766, 49.020752], [22.839746, 49.038916], [22.84707, 49.08125], [22.705664, 49.171191], [22.732422, 49.295166], [22.649414, 49.539014], [22.706152, 49.606201], [23.036328, 49.899072], [23.711719, 50.377344], [23.972656, 50.410059], [24.052637, 50.508447], [24.089941, 50.530469], [24.094727, 50.617041], [24.046289, 50.722803], [23.978418, 50.785596], [23.99707, 50.809375], [24.061621, 50.819531], [24.105762, 50.844971], [24.095801, 50.872754], [23.985742, 50.94043], [23.938086, 50.992529], [23.863477, 51.126221], [23.664453, 51.310059], [23.657617, 51.35249], [23.679688, 51.394922], [23.658887, 51.448975], [23.605273, 51.51792], [23.608594, 51.610498], [23.706836, 51.641309], [23.791699, 51.637109], [23.864258, 51.623975], [23.951172, 51.585059], [23.97832, 51.591309], [24.126855, 51.664648], [24.280078, 51.774707], [24.361914, 51.867529], [25.267188, 51.937744], [25.925293, 51.913525], [26.394336, 51.844434], [26.453418, 51.813428], [26.773438, 51.770703], [27.141992, 51.752051], [27.296289, 51.597412], [27.601367, 51.601611], [27.689746, 51.572412], [27.676758, 51.489941], [27.7, 51.477979], [27.741309, 51.482568], [27.858594, 51.592383], [28.010742, 51.559766], [28.080273, 51.565039], [28.183789, 51.607861], [28.599023, 51.542627], [28.647754, 51.456543], [28.73125, 51.433398], [28.793262, 51.510352], [28.849512, 51.540186], [28.977734, 51.571777], [29.060742, 51.625439], [29.102051, 51.627539], [29.174219, 51.580615], [29.298828, 51.413037], [29.346484, 51.382568], [29.553125, 51.43457], [30.06377, 51.482031], [30.160742, 51.477881], [30.308984, 51.399609], [30.333398, 51.325537], [30.449512, 51.274316], [30.544531, 51.265039], [30.576953, 51.318359], [30.63252, 51.35542], [30.602344, 51.47124], [30.533008, 51.596338], [30.583887, 51.688965], [30.667285, 51.814111], [30.755273, 51.895166], [30.980664, 52.046191], [31.079297, 52.076953], [31.217969, 52.050244], [31.345996, 52.105371], [31.57373, 52.108105], [31.782422, 52.099414], [31.973828, 52.046631], [32.122266, 52.050586], [32.282813, 52.114014], [32.362988, 52.272119], [32.435449, 52.307227], [32.50791, 52.308545], [32.806445, 52.252637], [32.899707, 52.256348], [33.148438, 52.34043], [33.287109, 52.353564], [33.451855, 52.333789], [33.735254, 52.344775], [33.818848, 52.315625], [33.92207, 52.251465], [34.015332, 52.155957], [34.113086, 51.979639], [34.397852, 51.78042], [34.402734, 51.741504], [34.379297, 51.716504], [34.121094, 51.67915], [34.11543, 51.644971], [34.200879, 51.553809], [34.206543, 51.419922], [34.229883, 51.363232], [34.275, 51.340186], [34.280664, 51.31167], [34.213867, 51.255371], [34.23418, 51.243799], [34.491016, 51.237061], [34.712305, 51.172217], [35.064063, 51.203418], [35.092578, 51.180664], [35.158105, 51.060986], [35.198047, 51.043896], [35.311914, 51.043896], [35.334766, 51.021143], [35.309082, 50.986914], [35.314746, 50.949902], [35.383203, 50.798926], [35.440137, 50.727686], [35.440137, 50.68208], [35.391699, 50.610937], [35.411621, 50.539697], [35.488477, 50.459912], [35.545508, 50.43999], [35.591113, 50.36875], [35.67373, 50.345996], [35.890234, 50.437109], [36.116406, 50.408545], [36.306055, 50.280469], [36.368848, 50.296826], [36.499805, 50.280469], [36.619434, 50.209229], [36.759082, 50.291846], [36.988477, 50.339551], [37.13125, 50.351514], [37.343164, 50.417627], [37.422852, 50.411475], [37.582324, 50.291846], [37.605078, 50.214941], [37.704199, 50.109082], [38.046875, 49.92002], [38.146777, 49.939404], [38.177539, 50.025391], [38.208691, 50.051465], [38.258594, 50.052344], [38.451172, 49.964062], [38.647754, 49.952881], [38.918359, 49.824707], [39.027734, 49.818408], [39.174805, 49.855957], [39.30293, 49.742041], [39.462793, 49.728027], [39.780566, 49.572021], [39.876855, 49.567676], [40.030664, 49.596729], [40.080664, 49.576855], [40.094922, 49.542676], [40.057813, 49.49707], [40.057813, 49.431543], [40.126172, 49.368848], [40.12832, 49.307227], [40.108789, 49.251562], [40.07002, 49.200293], [39.889746, 49.064062], [39.686523, 49.00791], [39.705664, 48.95957], [39.75332, 48.914453], [39.98916, 48.851416], [40.003613, 48.82207], [39.904102, 48.79375], [39.792871, 48.807715], [39.70459, 48.739355], [39.644727, 48.591211], [39.76543, 48.571875], [39.835645, 48.542773], [39.889844, 48.360449], [39.849902, 48.331934], [39.847461, 48.302783], [39.95791, 48.268896], [39.961035, 48.237939], [39.885059, 48.168359], [39.775781, 47.964453], [39.778711, 47.887549], [39.735938, 47.844824], [39.658496, 47.841211], [39.158496, 47.837402], [38.900293, 47.855127], [38.822266, 47.837012], [38.718945, 47.714111], [38.640625, 47.665918], [38.510938, 47.622412], [38.368848, 47.609961], [38.287402, 47.55918], [38.258789, 47.479541], [38.256543, 47.408936], [38.201367, 47.320801], [38.208008, 47.296533], [38.280762, 47.27666], [38.280762, 47.259033], [38.221191, 47.212744], [38.201367, 47.175244], [38.214355, 47.091455], [38.17832, 47.080225]]], [[[32.150098, 46.154687], [31.700195, 46.214062], [31.563867, 46.257764], [31.528711, 46.306592], [31.508789, 46.373145], [31.638477, 46.272559], [32.012207, 46.203906], [32.150098, 46.154687]]]]}}, {"type": "Feature", "properties": {"iso": "TR", "name": "Turkey"}, "geometry": {"type": "MultiPolygon", "coordinates": [[[[25.740234, 40.105469], [25.668945, 40.135889], [25.740918, 40.196289], [25.918359, 40.237988], [25.977051, 40.177832], [25.97002, 40.136328], [25.740234, 40.105469]]], [[[41.510059, 41.51748], [41.823535, 41.432373], [41.925781, 41.495654], [42.211133, 41.486719], [42.466406, 41.439844], [42.50791, 41.470068], [42.567383, 41.559277], [42.606836, 41.578809], [42.682422, 41.585742], [42.787891, 41.563721], [42.82168, 41.492383], [42.906738, 41.466846], [43.057129, 41.352832], [43.171289, 41.287939], [43.141016, 41.264844], [43.152832, 41.236426], [43.205469, 41.19917], [43.358984, 41.190137], [43.433398, 41.155518], [43.455273, 41.064697], [43.631641, 40.929004], [43.722656, 40.719531], [43.712891, 40.647754], [43.667871, 40.574072], [43.569336, 40.482373], [43.61582, 40.393311], [43.608398, 40.356592], [43.709863, 40.166504], [43.666211, 40.126367], [43.941992, 40.023145], [44.005371, 40.014111], [44.289258, 40.040381], [44.399609, 39.995752], [44.733789, 39.746484], [44.817188, 39.650439], [44.782129, 39.651074], [44.587109, 39.768555], [44.516699, 39.73125], [44.455957, 39.666748], [44.389355, 39.422119], [44.335449, 39.396045], [44.124023, 39.405225], [44.023242, 39.377441], [44.05752, 39.31084], [44.079102, 39.218311], [44.178027, 39.144824], [44.171875, 39.05625], [44.144531, 38.994385], [44.170801, 38.934375], [44.27168, 38.836035], [44.257031, 38.700635], [44.297852, 38.557812], [44.298535, 38.386279], [44.430859, 38.356787], [44.449902, 38.334229], [44.449609, 38.317773], [44.380859, 38.25459], [44.348926, 38.146484], [44.267969, 38.038818], [44.211328, 37.908057], [44.222949, 37.880176], [44.33623, 37.871777], [44.56123, 37.744629], [44.589941, 37.710352], [44.545313, 37.658154], [44.577148, 37.560205], [44.574023, 37.4354], [44.715137, 37.357129], [44.794141, 37.290381], [44.796777, 37.269775], [44.758301, 37.21709], [44.765137, 37.142432], [44.730957, 37.165283], [44.605957, 37.176025], [44.281836, 36.978027], [44.245703, 36.983301], [44.20166, 37.051807], [44.208398, 37.202637], [44.191797, 37.249854], [44.114453, 37.301855], [44.013184, 37.313525], [43.836426, 37.223535], [43.675781, 37.227246], [43.51582, 37.244531], [43.09248, 37.367383], [42.936621, 37.324756], [42.774609, 37.371875], [42.741113, 37.361914], [42.635449, 37.249268], [42.455859, 37.128711], [42.358984, 37.108594], [42.312891, 37.22959], [42.268555, 37.276562], [42.202734, 37.297266], [42.167871, 37.288623], [42.059863, 37.206055], [41.886816, 37.156396], [41.515527, 37.08916], [41.264648, 37.069336], [40.958887, 37.10918], [40.705664, 37.097705], [40.450391, 37.008887], [40.016406, 36.826074], [39.686523, 36.738623], [39.356641, 36.681592], [38.766602, 36.693115], [38.688867, 36.715088], [38.44375, 36.862256], [38.191699, 36.901562], [37.436328, 36.643311], [37.066211, 36.652637], [36.985352, 36.702393], [36.941797, 36.758398], [36.658594, 36.802539], [36.628418, 36.777686], [36.596875, 36.701367], [36.5375, 36.457422], [36.641406, 36.263525], [36.636719, 36.233984], [36.477051, 36.220703], [36.375391, 36.17124], [36.347559, 36.003516], [36.248828, 35.972705], [36.201953, 35.937549], [36.153613, 35.833887], [36.127344, 35.831445], [35.967578, 35.910059], [35.892676, 35.916553], [35.956934, 35.998145], [35.810938, 36.309863], [35.882812, 36.406348], [36.188477, 36.658984], [36.180078, 36.807227], [36.048926, 36.910596], [35.90459, 36.847607], [35.801563, 36.778076], [35.734277, 36.763965], [35.661133, 36.724316], [35.625586, 36.652783], [35.537402, 36.597021], [35.393164, 36.575195], [35.176172, 36.634863], [34.943164, 36.725684], [34.81123, 36.799268], [34.703613, 36.816797], [34.601367, 36.784473], [34.299609, 36.604199], [34.023438, 36.340771], [33.954883, 36.295215], [33.694727, 36.181982], [33.522754, 36.143994], [33.441797, 36.152832], [33.099512, 36.102979], [32.929492, 36.095703], [32.794824, 36.035889], [32.533789, 36.100732], [32.377734, 36.183643], [32.283789, 36.267871], [32.130566, 36.449121], [32.021973, 36.535303], [31.77793, 36.612793], [31.352539, 36.801074], [30.950293, 36.848682], [30.644043, 36.865674], [30.582031, 36.797168], [30.558496, 36.52583], [30.506055, 36.451123], [30.483594, 36.3104], [30.446094, 36.269873], [30.387305, 36.243262], [30.231641, 36.307324], [30.083203, 36.249365], [29.789258, 36.168066], [29.689063, 36.156689], [29.34834, 36.258838], [29.223633, 36.324463], [29.143262, 36.397217], [29.116113, 36.520117], [29.065527, 36.590088], [29.038281, 36.693457], [28.969629, 36.715332], [28.895898, 36.673584], [28.816895, 36.675293], [28.717676, 36.700879], [28.483594, 36.803809], [28.303711, 36.811963], [28.195605, 36.686328], [28.111523, 36.646387], [28.019434, 36.634473], [28.01416, 36.670215], [28.083984, 36.751465], [27.803809, 36.736475], [27.655859, 36.674609], [27.54043, 36.684229], [27.453906, 36.712158], [27.466895, 36.746338], [27.630859, 36.78667], [27.934473, 36.809277], [28.005371, 36.831982], [28.083008, 36.920264], [28.224414, 36.996387], [28.242383, 37.029053], [27.668359, 37.007422], [27.348926, 37.01958], [27.311035, 36.981885], [27.262988, 36.976562], [27.249707, 37.07915], [27.300195, 37.126855], [27.368164, 37.122412], [27.535059, 37.163867], [27.520117, 37.249121], [27.400586, 37.306738], [27.37627, 37.340723], [27.289551, 37.348682], [27.219238, 37.38916], [27.203906, 37.491406], [27.147949, 37.603613], [27.067969, 37.65791], [27.077832, 37.687695], [27.224414, 37.725439], [27.254785, 37.882324], [27.232422, 37.978662], [27.158691, 37.986865], [26.943848, 38.062891], [26.878613, 38.054785], [26.807422, 38.13833], [26.682813, 38.19834], [26.582422, 38.149268], [26.33291, 38.24248], [26.290723, 38.277197], [26.343652, 38.370068], [26.416406, 38.367871], [26.429688, 38.440625], [26.372266, 38.561914], [26.377832, 38.62417], [26.441309, 38.641211], [26.513574, 38.629492], [26.586523, 38.557031], [26.610352, 38.486914], [26.59502, 38.418604], [26.641309, 38.352441], [26.674219, 38.335742], [26.696387, 38.405371], [26.727344, 38.418604], [26.769922, 38.388184], [26.861426, 38.372949], [27.098633, 38.415723], [27.144238, 38.451953], [26.97041, 38.447852], [26.906836, 38.481738], [26.837793, 38.557568], [26.763672, 38.709619], [26.790137, 38.736084], [26.90918, 38.775781], [27.013672, 38.886865], [26.920313, 38.934229], [26.866211, 38.922949], [26.814941, 38.960986], [26.808301, 39.013916], [26.849316, 39.056738], [26.853613, 39.115625], [26.681836, 39.292236], [26.710742, 39.339648], [26.910938, 39.517334], [26.899219, 39.549658], [26.827051, 39.562891], [26.484082, 39.520703], [26.350781, 39.484082], [26.113086, 39.467383], [26.095996, 39.520801], [26.101367, 39.568945], [26.154688, 39.656641], [26.149805, 39.872852], [26.181348, 39.990088], [26.313379, 40.025], [26.475391, 40.197266], [26.738086, 40.400244], [27.012109, 40.396338], [27.12168, 40.452344], [27.28457, 40.455615], [27.332617, 40.375928], [27.475586, 40.319922], [27.728027, 40.328809], [27.848535, 40.381738], [27.731836, 40.481494], [27.769141, 40.509619], [27.874902, 40.512939], [27.989551, 40.489453], [27.994824, 40.466602], [27.928906, 40.38042], [27.962598, 40.369873], [28.289062, 40.403027], [28.630273, 40.376465], [28.738867, 40.390869], [29.007129, 40.389746], [29.055176, 40.42417], [28.787891, 40.534033], [28.958008, 40.630566], [29.054102, 40.649121], [29.844922, 40.738086], [29.849219, 40.760107], [29.364746, 40.809277], [29.259766, 40.847314], [29.113867, 40.937842], [29.045508, 41.007568], [29.094336, 41.177246], [29.148145, 41.221045], [29.322266, 41.227734], [29.919336, 41.15083], [30.344922, 41.196924], [30.810059, 41.084863], [31.254883, 41.107617], [31.34668, 41.15791], [31.458008, 41.32002], [32.086426, 41.589209], [32.306445, 41.72959], [32.542188, 41.806396], [32.94668, 41.891748], [33.284766, 42.00459], [33.381348, 42.017578], [34.192969, 41.963672], [34.750488, 41.956836], [35.006445, 42.063281], [35.154883, 42.027539], [35.114063, 41.956982], [35.12207, 41.891113], [35.20918, 41.794385], [35.297754, 41.728516], [35.558008, 41.634033], [35.919824, 41.713721], [36.051758, 41.682568], [36.179199, 41.426562], [36.278418, 41.336133], [36.405371, 41.274609], [36.509668, 41.2625], [36.587109, 41.32666], [36.64707, 41.352539], [36.777734, 41.363477], [36.991992, 41.275391], [37.066211, 41.184424], [37.430957, 41.114111], [37.765625, 41.078906], [37.910059, 41.001904], [38.381055, 40.924512], [38.556934, 40.936523], [38.852148, 41.017676], [39.426367, 41.106445], [39.80791, 40.98252], [39.911133, 40.966455], [40.000195, 40.977148], [40.128418, 40.943018], [40.265234, 40.961328], [40.6875, 41.107422], [40.819531, 41.190234], [40.959473, 41.211621], [41.083594, 41.261182], [41.414355, 41.423633], [41.510059, 41.51748]]], [[[27.987305, 41.854883], [28.050293, 41.72915], [28.197852, 41.554492], [28.346387, 41.466357], [28.946777, 41.248389], [29.057227, 41.229736], [28.995996, 41.061133], [28.95625, 41.008203], [28.780371, 40.97417], [28.294922, 41.071484], [28.172168, 41.080713], [28.085547, 41.061328], [27.925195, 40.990576], [27.747363, 41.013281], [27.499414, 40.973145], [27.430176, 40.839941], [27.258008, 40.687354], [26.974609, 40.564014], [26.77207, 40.498047], [26.467969, 40.261475], [26.32998, 40.123389], [26.202734, 40.075391], [26.260156, 40.202393], [26.253809, 40.314697], [26.447461, 40.44502], [26.720313, 40.544238], [26.79209, 40.626611], [26.360938, 40.606348], [26.105469, 40.611328], [26.038965, 40.726758], [26.10918, 40.749658], [26.331055, 40.954492], [26.354102, 40.99707], [26.354102, 41.036768], [26.328418, 41.097021], [26.330664, 41.23877], [26.536426, 41.343115], [26.602344, 41.35415], [26.624902, 41.401758], [26.581348, 41.60127], [26.49502, 41.633252], [26.410547, 41.696338], [26.320898, 41.716553], [26.327246, 41.772803], [26.360352, 41.801562], [26.511426, 41.826367], [26.579688, 41.947949], [26.615332, 41.964893], [26.884863, 41.991846], [27.011719, 42.058643], [27.244336, 42.093262], [27.294922, 42.079541], [27.474805, 41.946875], [27.534863, 41.920801], [27.661133, 41.961328], [27.80166, 41.956543], [27.831934, 41.981299], [27.879199, 41.986621], [28.014453, 41.969043], [27.987305, 41.854883]]]]}}, {"type": "Feature", "properties": {"iso": "TN", "name": "Tunisia"}, "geometry": {"type": "MultiPolygon", "coordinates": [[[[11.50459, 33.181934], [11.45918, 32.897363], [11.453906, 32.642578], [11.533789, 32.524951], [11.535938, 32.47334], [11.50498, 32.413672], [10.826367, 32.080664], [10.771582, 32.021191], [10.608887, 31.929541], [10.543652, 31.802539], [10.475781, 31.736035], [10.306055, 31.704834], [10.274609, 31.684961], [10.159863, 31.545801], [10.114941, 31.46377], [10.243359, 31.032129], [10.257031, 30.94082], [10.256055, 30.864941], [10.216406, 30.783203], [9.89502, 30.387305], [9.51875, 30.229395], [9.044043, 32.072363], [9.018945, 32.105371], [8.333398, 32.543604], [8.304199, 32.696289], [8.210938, 32.926709], [8.1125, 33.055322], [8.075586, 33.089062], [7.762695, 33.233105], [7.731348, 33.268506], [7.70918, 33.362305], [7.534375, 33.71792], [7.500195, 33.832471], [7.495605, 33.976514], [7.513867, 34.080518], [7.554492, 34.125], [7.748535, 34.254492], [7.838281, 34.410303], [8.123438, 34.563916], [8.245605, 34.734082], [8.276855, 34.979492], [8.312109, 35.084619], [8.394238, 35.203857], [8.316406, 35.403125], [8.329004, 35.582227], [8.318066, 35.654932], [8.24707, 35.801807], [8.245703, 35.870557], [8.34873, 36.367969], [8.333984, 36.418164], [8.302734, 36.455615], [8.208789, 36.495117], [8.207617, 36.518945], [8.369629, 36.63252], [8.444238, 36.760742], [8.60127, 36.833936], [8.576563, 36.937207], [8.823535, 36.997607], [9.058887, 37.155859], [9.141992, 37.194629], [9.687988, 37.340381], [9.838477, 37.308984], [9.783984, 37.211426], [9.830273, 37.135352], [9.896387, 37.181641], [9.875586, 37.25415], [10.087402, 37.25127], [10.196387, 37.205859], [10.18877, 37.033887], [10.334082, 36.865381], [10.293262, 36.781494], [10.412305, 36.731836], [10.518164, 36.791357], [10.571289, 36.879443], [10.766211, 36.930273], [10.951367, 37.059277], [11.053906, 37.07251], [11.077051, 36.966699], [11.12666, 36.874072], [11.056543, 36.841455], [10.967188, 36.743018], [10.798145, 36.493115], [10.642383, 36.419629], [10.525684, 36.32334], [10.487988, 36.254883], [10.476562, 36.175146], [10.505762, 36.032422], [10.59082, 35.887256], [10.688965, 35.799512], [10.783691, 35.77207], [11.004297, 35.633838], [11.000684, 35.551611], [11.031543, 35.453857], [11.043262, 35.335107], [11.120117, 35.240283], [10.955859, 35.033643], [10.866211, 34.884326], [10.690918, 34.678467], [10.534863, 34.544727], [10.200391, 34.346045], [10.118359, 34.280078], [10.064844, 34.211621], [10.040039, 34.140332], [10.049023, 34.056299], [10.158984, 33.850049], [10.305273, 33.728271], [10.454297, 33.6625], [10.713184, 33.689014], [10.704297, 33.609668], [10.722754, 33.514404], [10.898438, 33.533691], [10.958008, 33.626318], [11.08457, 33.562891], [11.150293, 33.369238], [11.257422, 33.308838], [11.269922, 33.286328], [11.202637, 33.249219], [11.338086, 33.209473], [11.400586, 33.224902], [11.50459, 33.181934]]], [[[11.123633, 34.681689], [11.153027, 34.74458], [11.254883, 34.820312], [11.281055, 34.802197], [11.278027, 34.753809], [11.123633, 34.681689]]], [[[10.957617, 33.72207], [10.857422, 33.687158], [10.72207, 33.738916], [10.745215, 33.888672], [10.921973, 33.893115], [11.017871, 33.82334], [11.037598, 33.785059], [10.957617, 33.72207]]]]}}, {"type": "Feature", "properties": {"iso": "SY", "name": "Syria"}, "geometry": {"type": "Polygon", "coordinates": [[[35.967578, 35.910059], [36.127344, 35.831445], [36.153613, 35.833887], [36.201953, 35.937549], [36.248828, 35.972705], [36.347559, 36.003516], [36.375391, 36.17124], [36.477051, 36.220703], [36.636719, 36.233984], [36.641406, 36.263525], [36.5375, 36.457422], [36.596875, 36.701367], [36.628418, 36.777686], [36.658594, 36.802539], [36.941797, 36.758398], [36.985352, 36.702393], [37.066211, 36.652637], [37.436328, 36.643311], [38.191699, 36.901562], [38.44375, 36.862256], [38.688867, 36.715088], [38.766602, 36.693115], [39.356641, 36.681592], [39.686523, 36.738623], [40.016406, 36.826074], [40.450391, 37.008887], [40.705664, 37.097705], [40.958887, 37.10918], [41.264648, 37.069336], [41.515527, 37.08916], [41.886816, 37.156396], [42.059863, 37.206055], [42.167871, 37.288623], [42.202734, 37.297266], [42.268555, 37.276562], [42.312891, 37.22959], [42.358984, 37.108594], [42.350098, 37.060596], [42.083984, 36.826025], [41.788574, 36.597168], [41.416797, 36.514648], [41.354199, 36.464404], [41.295996, 36.38335], [41.261816, 36.272461], [41.245605, 36.073389], [41.352637, 35.809961], [41.354102, 35.64043], [41.24834, 35.42749], [41.216406, 35.288184], [41.194727, 34.768994], [40.987012, 34.429053], [40.935059, 34.386572], [40.689453, 34.332031], [38.773535, 33.372217], [36.818359, 32.317285], [36.37207, 32.386914], [36.219727, 32.495117], [36.059473, 32.533789], [35.956445, 32.666699], [35.894727, 32.71377], [35.787305, 32.734912], [35.833283, 32.820094], [35.841863, 32.875954], [35.887977, 32.944379], [35.859022, 32.989367], [35.84508, 33.084665], [35.817197, 33.133173], [35.833283, 33.163702], [35.785024, 33.291089], [35.792531, 33.334107], [35.840738, 33.415661], [35.914746, 33.465381], [35.926563, 33.500293], [36.022266, 33.5625], [36.034473, 33.585059], [35.97168, 33.623096], [35.942383, 33.667578], [35.968457, 33.732422], [36.092188, 33.831592], [36.348535, 33.827051], [36.365039, 33.839355], [36.362793, 33.855127], [36.282227, 33.894189], [36.277832, 33.925293], [36.354883, 34.011328], [36.45752, 34.056836], [36.535156, 34.134326], [36.584961, 34.22124], [36.504395, 34.432373], [36.455566, 34.466162], [36.329883, 34.499609], [36.32627, 34.51333], [36.433008, 34.613477], [36.383887, 34.65791], [36.296289, 34.678711], [36.263574, 34.632861], [35.97627, 34.629199], [35.899316, 34.8521], [35.887891, 34.948633], [35.889941, 35.060303], [35.943066, 35.223828], [35.902441, 35.420703], [35.764453, 35.571582], [35.839648, 35.849219], [35.892676, 35.916553], [35.967578, 35.910059]]]}}, {"type": "Feature", "properties": {"iso": "CH", "name": "Switzerland"}, "geometry": {"type": "Polygon", "coordinates": [[[9.554395, 47.511133], [9.625879, 47.467041], [9.609082, 47.391797], [9.527539, 47.270752], [9.484277, 47.172656], [9.487695, 47.062256], [9.619922, 47.057471], [9.845313, 47.007373], [9.877734, 46.937695], [9.996875, 46.885352], [10.133496, 46.851514], [10.179785, 46.862354], [10.349414, 46.984766], [10.414941, 46.964404], [10.45459, 46.899414], [10.397949, 46.665039], [10.438281, 46.618848], [10.430664, 46.550049], [10.272266, 46.564844], [10.195508, 46.621094], [10.087012, 46.599902], [10.038281, 46.483203], [10.045605, 46.4479], [10.081934, 46.420752], [10.109668, 46.362842], [10.145215, 46.253516], [10.12832, 46.238232], [10.080566, 46.227979], [10.041016, 46.238086], [9.939258, 46.361816], [9.884473, 46.367773], [9.639453, 46.295898], [9.528711, 46.306201], [9.481055, 46.348779], [9.427637, 46.482324], [9.304395, 46.495557], [9.260156, 46.475195], [9.251074, 46.286768], [9.203418, 46.219238], [9.022363, 46.051465], [9.003027, 46.014893], [8.998926, 45.983105], [9.04668, 45.875586], [9.02373, 45.845703], [8.953711, 45.830029], [8.904297, 45.861963], [8.885156, 45.918701], [8.778027, 45.996191], [8.826758, 46.061035], [8.818555, 46.077148], [8.641699, 46.110791], [8.458398, 46.245898], [8.438477, 46.282861], [8.442969, 46.402783], [8.422559, 46.446045], [8.370703, 46.445117], [8.231934, 46.341211], [8.095703, 46.271045], [8.081543, 46.256006], [8.127246, 46.187598], [8.125195, 46.160937], [7.993164, 46.015918], [7.787891, 45.921826], [7.538574, 45.978174], [7.32793, 45.912354], [7.129004, 45.88042], [7.055762, 45.903809], [7.021094, 45.925781], [6.953711, 46.017139], [6.77207, 46.165137], [6.816797, 46.275195], [6.78418, 46.313965], [6.767383, 46.369189], [6.776074, 46.406641], [6.758105, 46.415771], [6.578223, 46.437354], [6.428906, 46.430518], [6.321875, 46.393701], [6.234668, 46.332617], [6.224219, 46.319434], [6.272949, 46.252246], [6.199414, 46.193066], [6.086621, 46.147021], [5.971484, 46.151221], [5.97002, 46.214697], [6.095898, 46.279395], [6.123242, 46.378613], [6.060254, 46.428174], [6.160742, 46.611035], [6.410156, 46.75542], [6.438574, 46.925879], [6.45625, 46.94834], [6.666895, 47.026514], [6.688086, 47.058252], [6.952051, 47.267187], [7.000586, 47.339453], [6.921484, 47.36123], [6.900391, 47.394238], [6.968359, 47.453223], [7.053418, 47.489355], [7.136035, 47.489844], [7.203125, 47.432715], [7.265723, 47.425781], [7.42002, 47.455176], [7.494922, 47.547363], [7.615625, 47.592725], [7.698047, 47.569873], [7.927051, 47.563867], [8.09375, 47.576172], [8.198242, 47.606934], [8.454004, 47.596191], [8.559473, 47.624023], [8.56709, 47.651904], [8.451758, 47.651807], [8.413281, 47.662695], [8.403418, 47.687793], [8.435742, 47.731348], [8.509863, 47.766895], [8.572656, 47.775635], [8.617871, 47.766113], [8.72832, 47.700049], [8.793066, 47.716553], [8.831152, 47.703613], [8.881152, 47.656396], [9.182813, 47.670703], [9.554395, 47.511133]]]}}, {"type": "Feature", "properties": {"iso": "SE", "name": "Sweden"}, "geometry": {"type": "MultiPolygon", "coordinates": [[[[18.99375, 57.812109], [18.945117, 57.741602], [18.813867, 57.706201], [18.790918, 57.483105], [18.90791, 57.39834], [18.784863, 57.361084], [18.742871, 57.323535], [18.699902, 57.242725], [18.538477, 57.196924], [18.477344, 57.163037], [18.387207, 57.087646], [18.340234, 56.978223], [18.248926, 56.931543], [18.146387, 56.920508], [18.206543, 57.010156], [18.285352, 57.083203], [18.20957, 57.133301], [18.163965, 57.211719], [18.105078, 57.271875], [18.151953, 57.339062], [18.128906, 57.44917], [18.136523, 57.556641], [18.405176, 57.756836], [18.537402, 57.830566], [18.721875, 57.863721], [18.805176, 57.833154], [18.841113, 57.900195], [18.900586, 57.915479], [19.076465, 57.835938], [18.99375, 57.812109]]], [[[16.477148, 56.240186], [16.431641, 56.24375], [16.40127, 56.310889], [16.394141, 56.483643], [16.412305, 56.568994], [16.630371, 56.876855], [16.727734, 56.902002], [16.864648, 57.090674], [16.901563, 57.174609], [16.995996, 57.317773], [17.025391, 57.345068], [17.117676, 57.319824], [17.050391, 57.280469], [17.053516, 57.208008], [16.883691, 56.985205], [16.838281, 56.840527], [16.778027, 56.805225], [16.528516, 56.290527], [16.477148, 56.240186]]], [[[11.470703, 58.909521], [11.543555, 58.893018], [11.642773, 58.926074], [11.712207, 59.018652], [11.798145, 59.289893], [11.680762, 59.592285], [11.834277, 59.697168], [11.932129, 59.863672], [11.988281, 59.891309], [12.169238, 59.912891], [12.291992, 59.967236], [12.486133, 60.106787], [12.51582, 60.305225], [12.552832, 60.354492], [12.588672, 60.450732], [12.553809, 60.545654], [12.314648, 60.892139], [12.294141, 61.002686], [12.467578, 61.041504], [12.683008, 61.046826], [12.706055, 61.059863], [12.776367, 61.173975], [12.828223, 61.221826], [12.880762, 61.352295], [12.596094, 61.541309], [12.486816, 61.572998], [12.155371, 61.720752], [12.240771480042188, 62.0], [17.43273027794776, 62.0], [17.374512, 61.866309], [17.417285, 61.740674], [17.46543, 61.684473], [17.33457, 61.691699], [17.196387, 61.724561], [17.215625, 61.656348], [17.130762, 61.575732], [17.164258, 61.458301], [17.137988, 61.381689], [17.17793, 61.357617], [17.199609, 61.311963], [17.163867, 61.278271], [17.179785, 61.249268], [17.212891, 60.98584], [17.20293, 60.951855], [17.278906, 60.812158], [17.250977, 60.700781], [17.359863, 60.64082], [17.555469, 60.642725], [17.593066, 60.627686], [17.661133, 60.535156], [17.742188, 60.539307], [17.955762, 60.589795], [18.011328, 60.511426], [18.1625, 60.40791], [18.250488, 60.361523], [18.4, 60.337109], [18.55752, 60.253564], [18.535449, 60.152881], [18.601172, 60.119238], [18.787012, 60.079492], [18.933203, 59.942285], [18.99043, 59.827783], [18.970508, 59.757227], [18.71875, 59.657373], [18.578125, 59.565771], [18.338086, 59.476855], [18.276465, 59.437646], [18.216895, 59.420508], [18.163574, 59.430371], [17.964258, 59.359375], [17.979785, 59.329053], [18.132617, 59.316211], [18.210547, 59.331445], [18.270508, 59.367139], [18.395801, 59.368604], [18.508887, 59.407959], [18.560254, 59.394482], [18.617578, 59.327051], [18.498633, 59.291943], [18.414258, 59.290332], [18.373047, 59.179736], [18.285352, 59.109375], [18.098145, 59.062305], [17.829004, 58.95459], [17.76543, 58.965039], [17.669629, 58.916211], [17.456738, 58.858398], [17.347656, 58.780518], [17.102832, 58.71084], [16.978125, 58.65415], [16.31582, 58.663623], [16.214258, 58.63667], [16.318066, 58.62832], [16.39082, 58.601855], [16.478027, 58.612891], [16.788477, 58.585254], [16.923828, 58.492578], [16.824316, 58.459619], [16.651953, 58.434326], [16.769922, 58.214258], [16.700098, 58.160791], [16.694922, 57.917529], [16.596973, 57.912891], [16.555371, 57.812256], [16.58623, 57.760937], [16.583789, 57.641748], [16.604199, 57.568311], [16.652246, 57.500684], [16.630859, 57.430176], [16.475977, 57.265137], [16.479492, 57.187695], [16.52793, 57.068164], [16.34873, 56.709277], [16.216504, 56.58999], [16.150684, 56.50083], [15.99668, 56.222607], [15.82666, 56.124951], [15.626563, 56.185596], [15.509668, 56.183008], [15.326563, 56.15083], [15.051172, 56.172217], [14.782031, 56.161914], [14.713965, 56.134131], [14.754785, 56.033154], [14.655566, 56.019922], [14.558594, 56.048633], [14.401953, 55.976758], [14.261914, 55.887549], [14.215039, 55.832617], [14.20293, 55.72915], [14.341699, 55.527734], [14.17373, 55.396631], [14.07998, 55.392187], [13.806348, 55.428564], [13.321387, 55.346387], [12.88584, 55.411377], [12.940625, 55.481592], [12.93877, 55.533203], [12.978027, 55.693799], [12.973926, 55.748145], [12.941992, 55.806055], [12.83457, 55.881836], [12.592578, 56.137598], [12.520996, 56.245557], [12.471191, 56.290527], [12.507031, 56.292969], [12.706348, 56.23501], [12.80166, 56.263916], [12.656445, 56.440576], [12.857422, 56.452393], [12.919531, 56.515576], [12.883691, 56.617725], [12.717578, 56.662842], [12.572656, 56.823291], [12.421484, 56.906396], [12.151855, 57.226953], [12.053223, 57.446973], [11.961523, 57.426074], [11.885059, 57.612695], [11.878711, 57.679443], [11.734961, 57.717676], [11.703223, 57.973193], [11.549023, 58.001221], [11.449316, 58.118359], [11.431543, 58.33999], [11.32998, 58.380322], [11.248242, 58.369141], [11.271582, 58.475635], [11.223828, 58.679932], [11.20791, 58.866406], [11.147168, 58.988623], [11.166895, 59.045557], [11.195801, 59.078271], [11.295313, 59.086865], [11.388281, 59.036523], [11.470703, 58.909521]]], [[[19.138379, 57.860254], [19.086523, 57.86499], [19.039258, 57.911035], [19.134863, 57.981348], [19.331445, 57.962891], [19.156348, 57.922607], [19.138379, 57.860254]]], [[[18.416211, 59.029102], [18.349902, 59.022607], [18.397559, 59.089111], [18.485547, 59.10459], [18.416211, 59.029102]]], [[[18.570312, 59.437256], [18.545117, 59.477832], [18.572363, 59.52583], [18.620898, 59.547803], [18.698438, 59.534619], [18.623828, 59.492188], [18.570312, 59.437256]]]]}}, {"type": "Feature", "properties": {"iso": "ES", "name": "Spain"}, "geometry": {"type": "MultiPolygon", "coordinates": [[[[1.571191, 38.658838], [1.405762, 38.670996], [1.401953, 38.711426], [1.436328, 38.768213], [1.496875, 38.711914], [1.592676, 38.701465], [1.593945, 38.67207], [1.571191, 38.658838]]], [[[3.241113, 39.756689], [3.342188, 39.786719], [3.395898, 39.777295], [3.448926, 39.76123], [3.461816, 39.697754], [3.292969, 39.477051], [3.244727, 39.386621], [3.072852, 39.30127], [2.900098, 39.368359], [2.799805, 39.385059], [2.769824, 39.410254], [2.745996, 39.510254], [2.700586, 39.542139], [2.634082, 39.556201], [2.499512, 39.477881], [2.458789, 39.530469], [2.394336, 39.540381], [2.37002, 39.57207], [2.371289, 39.613086], [2.784961, 39.854834], [2.904785, 39.908301], [3.158691, 39.970508], [3.197559, 39.961084], [3.164453, 39.924219], [3.198633, 39.889844], [3.190918, 39.861377], [3.158691, 39.836572], [3.145313, 39.790088], [3.241113, 39.756689]]], [[[4.275293, 39.830273], [3.967676, 39.94585], [3.867188, 39.95874], [3.842676, 39.976367], [3.853418, 40.063037], [4.05918, 40.075098], [4.225781, 40.032373], [4.32207, 39.89751], [4.275293, 39.830273]]], [[[1.408984, 38.857275], [1.256934, 38.879004], [1.22334, 38.903857], [1.25625, 38.973389], [1.299805, 38.981738], [1.302539, 39.031152], [1.348633, 39.080811], [1.564453, 39.121045], [1.613184, 39.087402], [1.623633, 39.038818], [1.494531, 38.93252], [1.445215, 38.918701], [1.408984, 38.857275]]], [[[-1.792725, 43.372559], [-1.753271, 43.324707], [-1.712842, 43.307031], [-1.627148, 43.282471], [-1.471729, 43.267676], [-1.410693, 43.240088], [-1.422607, 43.149121], [-1.480469, 43.071143], [-1.42876, 43.036768], [-1.370508, 43.037598], [-1.300049, 43.100977], [-1.285449, 43.059619], [-1.175439, 43.021143], [-0.933838, 42.949512], [-0.762646, 42.939795], [-0.586426, 42.798975], [-0.299316, 42.825342], [-0.041162, 42.689111], [0.201367, 42.719336], [0.255469, 42.69292], [0.631641, 42.6896], [0.651758, 42.800439], [0.669824, 42.835742], [0.696875, 42.845117], [1.010059, 42.778955], [1.208301, 42.713135], [1.293262, 42.709961], [1.349414, 42.690674], [1.42832, 42.595898], [1.414844, 42.548389], [1.428125, 42.461328], [1.448828, 42.437451], [1.534082, 42.441699], [1.706055, 42.50332], [1.92793, 42.426318], [1.986523, 42.358496], [2.032715, 42.353516], [2.200391, 42.420947], [2.65166, 42.340479], [2.67002, 42.393018], [2.701855, 42.408496], [2.891406, 42.456055], [2.97002, 42.467236], [3.211426, 42.431152], [3.239844, 42.367871], [3.287891, 42.343701], [3.306738, 42.288965], [3.166406, 42.256494], [3.150391, 42.162451], [3.224609, 42.111133], [3.238086, 42.082227], [3.248047, 41.944238], [3.004883, 41.767432], [2.310938, 41.466504], [2.145605, 41.320752], [2.082617, 41.287402], [1.566602, 41.195605], [1.03291, 41.062061], [0.714648, 40.822852], [0.796094, 40.803809], [0.891113, 40.722363], [0.85918, 40.68623], [0.720605, 40.630469], [0.596094, 40.614502], [0.363672, 40.319043], [0.158398, 40.106592], [0.043066, 40.013965], [-0.075146, 39.875928], [-0.327002, 39.519873], [-0.328955, 39.41709], [-0.204932, 39.062598], [-0.133789, 38.969482], [-0.034131, 38.891211], [0.154883, 38.824658], [0.201563, 38.75918], [0.136328, 38.696777], [-0.052734, 38.585693], [-0.38125, 38.435645], [-0.520801, 38.317285], [-0.550684, 38.203125], [-0.646777, 38.151855], [-0.683203, 37.992041], [-0.752734, 37.850244], [-0.814648, 37.769922], [-0.823096, 37.711621], [-0.721582, 37.631055], [-0.822168, 37.580762], [-1.327539, 37.561133], [-1.640967, 37.386963], [-1.797607, 37.232861], [-1.939307, 36.94585], [-2.111523, 36.77666], [-2.187695, 36.745459], [-2.305566, 36.819824], [-2.452832, 36.831152], [-2.595703, 36.806494], [-2.670605, 36.747559], [-2.787549, 36.714746], [-2.901855, 36.743164], [-3.14917, 36.758496], [-3.259131, 36.755762], [-3.43125, 36.70791], [-3.578809, 36.739844], [-3.827783, 36.756055], [-4.366846, 36.718115], [-4.434863, 36.700244], [-4.502246, 36.62915], [-4.674121, 36.506445], [-4.935303, 36.502051], [-5.171484, 36.423779], [-5.230518, 36.373633], [-5.329687, 36.235742], [-5.360937, 36.134912], [-5.381592, 36.134082], [-5.407227, 36.158887], [-5.443604, 36.150586], [-5.4625, 36.073779], [-5.625488, 36.025928], [-5.808398, 36.08833], [-5.960693, 36.181738], [-6.040674, 36.188428], [-6.170459, 36.333789], [-6.22627, 36.426465], [-6.265918, 36.526514], [-6.268945, 36.596729], [-6.384131, 36.637012], [-6.412256, 36.728857], [-6.32832, 36.848145], [-6.216797, 36.913574], [-6.320947, 36.908496], [-6.396191, 36.831641], [-6.492432, 36.954639], [-6.884619, 37.194238], [-6.859375, 37.24917], [-6.86377, 37.278906], [-6.929492, 37.214941], [-6.974658, 37.198437], [-7.174951, 37.208789], [-7.406152, 37.179443], [-7.503516, 37.585498], [-7.443945, 37.728271], [-7.378906, 37.786377], [-7.292236, 37.906445], [-7.185449, 38.006348], [-7.022852, 38.044727], [-6.957568, 38.187891], [-7.106396, 38.181006], [-7.343018, 38.457422], [-7.305957, 38.566846], [-7.281543, 38.714551], [-7.125488, 38.826953], [-7.046045, 38.907031], [-7.00625, 38.985254], [-6.997949, 39.056445], [-7.042969, 39.10708], [-7.172412, 39.135205], [-7.305762, 39.338135], [-7.335449, 39.465137], [-7.445117, 39.536182], [-7.535693, 39.661572], [-7.454102, 39.680664], [-7.117676, 39.681689], [-7.036719, 39.713965], [-6.975391, 39.798389], [-6.911182, 39.937109], [-6.896094, 40.021826], [-6.916406, 40.056836], [-7.027832, 40.142627], [-7.032617, 40.16792], [-7.014697, 40.20835], [-6.810156, 40.343115], [-6.852051, 40.443262], [-6.818359, 40.654053], [-6.835889, 40.77749], [-6.857715, 40.87832], [-6.928467, 41.009131], [-6.882812, 41.062402], [-6.775781, 41.107715], [-6.690137, 41.214502], [-6.565918, 41.303711], [-6.403125, 41.375391], [-6.289355, 41.455029], [-6.244336, 41.515918], [-6.2125, 41.532031], [-6.243115, 41.601807], [-6.308057, 41.642187], [-6.391699, 41.665381], [-6.542187, 41.67251], [-6.558984, 41.704053], [-6.55752, 41.874121], [-6.575342, 41.913086], [-6.618262, 41.942383], [-6.703613, 41.93457], [-6.833203, 41.96416], [-6.865527, 41.945264], [-7.030469, 41.950635], [-7.147119, 41.981152], [-7.195361, 41.955225], [-7.209619, 41.895264], [-7.268555, 41.864404], [-7.403613, 41.833691], [-7.512598, 41.835986], [-7.693066, 41.888477], [-7.896387, 41.870557], [-7.92085, 41.883643], [-8.094434, 41.814209], [-8.15249, 41.811963], [-8.173535, 41.819971], [-8.224756, 41.89585], [-8.21333, 41.9271], [-8.12998, 42.018164], [-8.213086, 42.133691], [-8.266064, 42.137402], [-8.589648, 42.052734], [-8.777148, 41.941064], [-8.852344, 41.926904], [-8.87832, 41.946875], [-8.887207, 42.105273], [-8.690918, 42.27417], [-8.81582, 42.285254], [-8.809961, 42.334473], [-8.769385, 42.358154], [-8.730029, 42.411719], [-8.812109, 42.470068], [-8.799902, 42.599902], [-8.811523, 42.640332], [-8.987793, 42.585645], [-9.033105, 42.593848], [-9.035059, 42.662354], [-8.937207, 42.766699], [-8.927197, 42.798584], [-9.041602, 42.814014], [-9.127197, 42.865234], [-9.235205, 42.976904], [-9.235645, 43.035791], [-9.178076, 43.174023], [-9.024512, 43.238965], [-8.873682, 43.334424], [-8.665625, 43.316602], [-8.537061, 43.337061], [-8.421582, 43.38584], [-8.355469, 43.396826], [-8.248926, 43.439404], [-8.252295, 43.496924], [-8.288867, 43.5396], [-8.256738, 43.579883], [-8.004687, 43.694385], [-7.852734, 43.706982], [-7.698145, 43.764551], [-7.59458, 43.727344], [-7.503613, 43.739941], [-7.399316, 43.695801], [-7.261963, 43.594629], [-7.060986, 43.553955], [-6.900684, 43.585645], [-6.617285, 43.592383], [-6.475684, 43.578906], [-6.224121, 43.603857], [-6.080127, 43.594922], [-5.84668, 43.645068], [-5.66582, 43.582471], [-5.315723, 43.553174], [-5.105273, 43.501855], [-4.523047, 43.415723], [-4.312793, 43.414746], [-4.015332, 43.463086], [-3.889355, 43.499414], [-3.774023, 43.477881], [-3.604639, 43.519482], [-3.523633, 43.511035], [-3.417871, 43.451709], [-3.045605, 43.371582], [-2.947705, 43.439697], [-2.875049, 43.454443], [-2.60708, 43.412744], [-2.337109, 43.328027], [-2.19668, 43.321924], [-1.991309, 43.345068], [-1.794043, 43.407324], [-1.792725, 43.372559]]]]}}, {"type": "Feature", "properties": {"iso": "SK", "name": "Slovakia"}, "geometry": {"type": "Polygon", "coordinates": [[[22.524121, 49.031396], [22.389453, 48.873486], [22.295215, 48.68584], [22.142871, 48.568506], [22.131836, 48.405322], [22.111328, 48.393359], [21.766992, 48.338086], [21.721484, 48.346582], [21.648633, 48.401465], [21.563184, 48.495703], [21.451367, 48.552246], [21.382422, 48.553467], [21.196387, 48.510596], [21.067285, 48.505908], [20.866602, 48.545654], [20.643164, 48.549707], [20.490039, 48.526904], [20.333789, 48.295557], [19.950391, 48.146631], [19.898633, 48.131348], [19.625391, 48.223096], [19.564258, 48.212842], [19.497461, 48.162109], [19.466992, 48.110693], [19.265137, 48.073047], [18.91416, 48.05083], [18.791895, 48.000293], [18.750098, 47.939453], [18.74834, 47.892676], [18.778027, 47.852881], [18.724219, 47.787158], [18.145605, 47.763428], [17.761914, 47.770166], [17.635254, 47.809912], [17.317285, 47.990918], [17.147363, 48.005957], [17.085938, 48.039551], [17.067871, 48.083252], [16.972656, 48.198096], [16.86543, 48.386914], [16.862695, 48.441406], [16.943359, 48.550928], [16.985254, 48.676904], [17.063281, 48.780762], [17.135645, 48.841064], [17.188477, 48.860937], [17.482617, 48.827783], [17.625391, 48.841846], [17.758496, 48.888135], [17.892676, 48.971143], [17.913281, 48.99873], [18.050879, 49.036523], [18.085938, 49.065137], [18.109961, 49.179785], [18.160938, 49.257373], [18.364844, 49.33623], [18.41582, 49.390918], [18.596484, 49.491455], [18.832227, 49.510791], [18.938184, 49.498291], [18.968359, 49.39624], [19.149414, 49.4], [19.250195, 49.511426], [19.441602, 49.597705], [19.479688, 49.576367], [19.630273, 49.406641], [19.773926, 49.372168], [19.787988, 49.269971], [19.756641, 49.204395], [19.802246, 49.192334], [19.916113, 49.221387], [20.057617, 49.181299], [20.107617, 49.270752], [20.163672, 49.316406], [20.362988, 49.385254], [20.616113, 49.391699], [20.729004, 49.369922], [20.799512, 49.328662], [20.868457, 49.314697], [20.947266, 49.31709], [21.001172, 49.339844], [21.079395, 49.418262], [21.350488, 49.42876], [21.639648, 49.411963], [21.890137, 49.343457], [21.967676, 49.299072], [22.020117, 49.209521], [22.538672, 49.072705], [22.524121, 49.031396]]]}}, {"type": "Feature", "properties": {"iso": "SI", "name": "Slovenia"}, "geometry": {"type": "Polygon", "coordinates": [[[16.516211, 46.499902], [16.321191, 46.534619], [16.258398, 46.50791], [16.236719, 46.483838], [16.25332, 46.389111], [16.227441, 46.372852], [16.106445, 46.382227], [16.066504, 46.371338], [16.000684, 46.305371], [15.933301, 46.277637], [15.635938, 46.200732], [15.592578, 46.13999], [15.596875, 46.109229], [15.666211, 46.048486], [15.675586, 45.983691], [15.652148, 45.862158], [15.624805, 45.834033], [15.454102, 45.797607], [15.277051, 45.732617], [15.272949, 45.717725], [15.353711, 45.659912], [15.356934, 45.645508], [15.290137, 45.612646], [15.283594, 45.579687], [15.291211, 45.541553], [15.339453, 45.467041], [15.24209, 45.441406], [15.110449, 45.450781], [14.95459, 45.499902], [14.84707, 45.467334], [14.793066, 45.478223], [14.649512, 45.571484], [14.608594, 45.610107], [14.591797, 45.65127], [14.568848, 45.657227], [14.533984, 45.645264], [14.427344, 45.505762], [14.369922, 45.481445], [14.085547, 45.477832], [13.992773, 45.509424], [13.970313, 45.503369], [13.970117, 45.482617], [13.935645, 45.449805], [13.878711, 45.428369], [13.615234, 45.476758], [13.57793, 45.516895], [13.719824, 45.587598], [13.844727, 45.592871], [13.874707, 45.614844], [13.831152, 45.68042], [13.72168, 45.761279], [13.583398, 45.812354], [13.569629, 45.834131], [13.613965, 45.96167], [13.600586, 45.979785], [13.50918, 45.973779], [13.487695, 45.987109], [13.486426, 46.039551], [13.616602, 46.133105], [13.63252, 46.177051], [13.491797, 46.216602], [13.420996, 46.212305], [13.378223, 46.261621], [13.399512, 46.317529], [13.563281, 46.415088], [13.679688, 46.462891], [13.7, 46.520264], [14.503516, 46.417041], [14.549805, 46.399707], [14.596973, 46.436084], [14.756738, 46.499121], [14.840625, 46.580469], [14.893262, 46.605908], [15.216992, 46.642969], [15.439258, 46.629639], [15.545313, 46.654639], [15.632617, 46.698437], [15.766895, 46.711279], [15.957617, 46.677637], [15.980469, 46.705859], [15.976855, 46.801367], [16.093066, 46.863281], [16.283594, 46.857275], [16.308496, 46.827979], [16.335449, 46.721631], [16.38457, 46.680811], [16.38125, 46.638672], [16.516211, 46.499902]]]}}, {"type": "Feature", "properties": {"iso": "RS", "name": "Serbia"}, "geometry": {"type": "Polygon", "coordinates": [[[21.523145, 44.790088], [21.59707, 44.75542], [21.636133, 44.710449], [21.740234, 44.680664], [21.909277, 44.666113], [22.026953, 44.619873], [22.093066, 44.541943], [22.200977, 44.560693], [22.350684, 44.676123], [22.497656, 44.70625], [22.64209, 44.650977], [22.720898, 44.605518], [22.734375, 44.569922], [22.700781, 44.555518], [22.620117, 44.562354], [22.554004, 44.540332], [22.502344, 44.4896], [22.494531, 44.435449], [22.530664, 44.377979], [22.581836, 44.33833], [22.647949, 44.316455], [22.683301, 44.286475], [22.687891, 44.248291], [22.705078, 44.237793], [22.626563, 44.194092], [22.603418, 44.148584], [22.597461, 44.075293], [22.420801, 44.007422], [22.36543, 43.862109], [22.369629, 43.781299], [22.394824, 43.706641], [22.474121, 43.602246], [22.499121, 43.518848], [22.55459, 43.454492], [22.767578, 43.35415], [22.85957, 43.252344], [22.976855, 43.187988], [22.942285, 43.09707], [22.799902, 42.985742], [22.706152, 42.883936], [22.558105, 42.878467], [22.466797, 42.84248], [22.439258, 42.79165], [22.465625, 42.750781], [22.43623, 42.629102], [22.47207, 42.543311], [22.532422, 42.481201], [22.523535, 42.440967], [22.42207, 42.328857], [22.344043, 42.313965], [22.239746, 42.358154], [22.052051, 42.304639], [21.904102, 42.32207], [21.814648, 42.303125], [21.739258, 42.267725], [21.618262, 42.242139], [21.5625, 42.24751], [21.518945, 42.328418], [21.52998, 42.35], [21.609863, 42.387451], [21.619043, 42.423242], [21.730664, 42.595459], [21.75293, 42.669824], [21.390625, 42.751416], [21.403027, 42.831543], [21.237109, 42.913232], [21.222656, 42.956201], [21.057031, 43.091699], [20.844434, 43.173437], [20.823828, 43.237939], [20.800586, 43.261084], [20.763379, 43.258594], [20.623145, 43.198633], [20.609668, 43.178418], [20.657617, 43.099854], [20.624023, 43.03418], [20.475098, 42.953027], [20.458398, 42.924561], [20.486816, 42.879053], [20.468848, 42.85791], [20.344336, 42.82793], [20.339941, 42.892871], [20.268457, 42.935449], [20.167871, 42.968506], [19.944043, 43.081641], [19.781152, 43.109766], [19.670996, 43.163965], [19.614453, 43.173437], [19.551563, 43.212256], [19.414648, 43.342822], [19.21875, 43.449951], [19.196484, 43.48501], [19.194336, 43.533301], [19.254492, 43.584375], [19.360352, 43.593457], [19.399609, 43.567578], [19.45127, 43.562061], [19.495117, 43.642871], [19.488184, 43.703564], [19.24502, 43.965039], [19.305273, 43.993359], [19.449414, 43.978027], [19.549512, 43.987109], [19.583691, 44.011084], [19.583789, 44.043457], [19.338867, 44.22583], [19.151855, 44.302539], [19.118457, 44.359961], [19.132422, 44.483789], [19.151367, 44.527344], [19.291895, 44.696777], [19.334473, 44.780664], [19.356836, 44.858545], [19.348633, 44.880908], [19.236816, 44.914258], [19.007129, 44.869189], [18.995508, 44.904004], [19.00957, 44.919385], [19.060547, 44.910986], [19.085254, 44.926758], [19.1, 44.973779], [19.062891, 45.137207], [19.129688, 45.151709], [19.136914, 45.19624], [19.205957, 45.167773], [19.303027, 45.167285], [19.388086, 45.172998], [19.4, 45.2125], [19.330273, 45.268066], [19.093066, 45.336914], [19.004688, 45.399512], [19.007617, 45.46582], [19.033301, 45.502197], [19.064258, 45.51499], [18.953711, 45.558008], [18.917871, 45.60083], [18.947266, 45.655811], [18.894531, 45.76709], [18.839063, 45.835742], [18.893555, 45.865527], [18.905371, 45.931738], [19.015723, 45.959717], [19.066211, 46.009521], [19.087305, 46.016162], [19.146289, 45.987012], [19.208398, 45.984424], [19.278125, 46.002881], [19.421289, 46.064453], [19.530762, 46.155176], [19.613477, 46.169189], [19.844434, 46.145898], [19.934082, 46.161475], [20.210156, 46.126025], [20.301367, 46.050684], [20.358594, 45.975488], [20.581152, 45.869482], [20.652734, 45.779395], [20.709277, 45.735254], [20.760156, 45.758105], [20.775, 45.749805], [20.76582, 45.597461], [20.786035, 45.536475], [20.774219, 45.484424], [20.794043, 45.467871], [21.023828, 45.321533], [21.147852, 45.291748], [21.226465, 45.241309], [21.431445, 45.192529], [21.490234, 45.1479], [21.491797, 45.122266], [21.434473, 45.075146], [21.420703, 45.032959], [21.35293, 45.008984], [21.377734, 44.973437], [21.533203, 44.918848], [21.532324, 44.900684], [21.519922, 44.880811], [21.35791, 44.861816], [21.360059, 44.82666], [21.523145, 44.790088]]]}}, {"type": "Feature", "properties": {"iso": "SA", "name": "Saudi Arabia"}, "geometry": {"type": "Polygon", "coordinates": [[[37.4756018231938, 30.0], [37.649902, 30.330957], [37.980078, 30.5], [37.479004, 31.007764], [36.958594, 31.491504], [38.962305, 31.994922], [39.14541, 32.124512], [40.369336, 31.938965], [40.478906, 31.893359], [42.074414, 31.080371], [42.857715, 30.495215], [43.559914044853365, 30.0], [37.4756018231938, 30.0]]]}}, {"type": "Feature", "properties": {"iso": "SM", "name": "San Marino"}, "geometry": {"type": "Polygon", "coordinates": [[[12.426367, 43.894092], [12.396875, 43.93457], [12.441113, 43.982422], [12.503711, 43.989746], [12.514648, 43.952979], [12.485254, 43.901416], [12.426367, 43.894092]]]}}, {"type": "Feature", "properties": {"iso": "RU", "name": "Russia"}, "geometry": {"type": "MultiPolygon", "coordinates": [[[[45.954004, 42.0354], [45.845996, 42.109961], [45.638574, 42.205078], [45.634277, 42.234717], [45.727539, 42.475049], [45.705273, 42.498096], [45.562891, 42.535742], [45.34375, 42.529785], [45.160254, 42.675], [44.870996, 42.756396], [44.850488, 42.746826], [44.771094, 42.616797], [44.691797, 42.709619], [44.644336, 42.734717], [44.505859, 42.748633], [44.329492, 42.703516], [44.102734, 42.616357], [44.004688, 42.595605], [43.957422, 42.566553], [43.825977, 42.571533], [43.759863, 42.593848], [43.738379, 42.616992], [43.749902, 42.65752], [43.79541, 42.702979], [43.79873, 42.727783], [43.782617, 42.747021], [43.557813, 42.844482], [43.347949, 42.89668], [43.08916, 42.989062], [43.000195, 43.049658], [42.991602, 43.091504], [42.760645, 43.16958], [42.566016, 43.155127], [42.419043, 43.224219], [42.279688, 43.228076], [42.05, 43.190137], [41.580566, 43.219238], [41.358203, 43.333398], [41.083105, 43.374463], [40.648047, 43.533887], [40.518945, 43.512012], [40.150195, 43.569775], [40.08457, 43.553125], [39.97832, 43.419824], [39.873633, 43.472803], [39.516699, 43.727881], [39.329395, 43.897266], [38.717285, 44.288086], [38.63584, 44.318018], [38.311816, 44.374463], [38.18125, 44.419678], [37.851465, 44.698828], [37.704883, 44.661377], [37.572461, 44.67085], [37.495117, 44.695264], [37.411328, 44.735352], [37.352344, 44.788379], [37.284082, 44.905029], [37.204785, 44.971973], [36.944434, 45.06958], [36.650781, 45.126465], [36.619141, 45.185498], [36.873047, 45.251758], [36.941211, 45.289697], [36.72041, 45.371875], [36.79375, 45.409717], [36.865918, 45.427051], [36.977832, 45.383594], [37.103516, 45.302881], [37.213574, 45.272314], [37.264258, 45.310937], [37.647168, 45.377197], [37.672949, 45.429736], [37.671875, 45.488379], [37.609961, 45.499512], [37.612402, 45.564697], [37.669238, 45.654053], [37.840918, 45.799561], [37.933105, 46.001709], [38.014258, 46.047754], [38.073828, 46.01709], [38.07959, 45.934814], [38.183594, 46.094824], [38.400391, 46.080029], [38.492285, 46.090527], [38.315234, 46.241943], [38.077734, 46.394336], [37.977539, 46.382861], [37.913867, 46.406494], [37.80957, 46.53208], [37.766504, 46.636133], [37.967969, 46.618018], [38.159473, 46.690674], [38.22998, 46.70127], [38.500977, 46.663672], [38.487988, 46.732178], [38.438672, 46.813086], [38.630762, 46.873047], [38.801074, 46.906152], [39.126758, 47.023438], [39.270703, 47.044141], [39.293457, 47.105762], [39.195703, 47.268848], [39.02373, 47.272217], [38.92832, 47.175684], [38.668164, 47.143945], [38.552441, 47.150342], [38.644336, 47.212207], [38.736035, 47.23584], [38.761914, 47.261621], [38.577246, 47.239111], [38.484766, 47.175537], [38.214355, 47.091455], [38.201367, 47.175244], [38.221191, 47.212744], [38.265332, 47.236963], [38.280762, 47.27666], [38.208008, 47.296533], [38.201367, 47.320801], [38.256543, 47.408936], [38.258789, 47.479541], [38.287402, 47.55918], [38.368848, 47.609961], [38.510938, 47.622412], [38.640625, 47.665918], [38.718945, 47.714111], [38.822266, 47.837012], [38.900293, 47.855127], [39.391016, 47.83374], [39.735938, 47.844824], [39.778711, 47.887549], [39.775781, 47.964453], [39.885059, 48.168359], [39.961035, 48.237939], [39.95791, 48.268896], [39.847461, 48.302783], [39.849902, 48.331934], [39.889844, 48.360449], [39.835645, 48.542773], [39.76543, 48.571875], [39.644727, 48.591211], [39.70459, 48.739355], [39.792871, 48.807715], [39.904102, 48.79375], [40.003613, 48.82207], [39.98916, 48.851416], [39.75332, 48.914453], [39.705664, 48.95957], [39.686523, 49.00791], [39.889746, 49.064062], [40.07002, 49.200293], [40.108789, 49.251562], [40.12832, 49.307227], [40.126172, 49.368848], [40.057813, 49.431543], [40.057813, 49.49707], [40.094922, 49.542676], [40.080664, 49.576855], [40.030664, 49.596729], [39.876855, 49.567676], [39.780566, 49.572021], [39.462793, 49.728027], [39.30293, 49.742041], [39.174805, 49.855957], [39.027734, 49.818408], [38.918359, 49.824707], [38.647754, 49.952881], [38.451172, 49.964062], [38.258594, 50.052344], [38.208691, 50.051465], [38.177539, 50.025391], [38.146777, 49.939404], [38.046875, 49.92002], [37.704199, 50.109082], [37.605078, 50.214941], [37.582324, 50.291846], [37.422852, 50.411475], [37.343164, 50.417627], [37.13125, 50.351514], [36.988477, 50.339551], [36.759082, 50.291846], [36.619434, 50.209229], [36.499805, 50.280469], [36.368848, 50.296826], [36.306055, 50.280469], [36.116406, 50.408545], [35.890234, 50.437109], [35.67373, 50.345996], [35.591113, 50.36875], [35.545508, 50.43999], [35.488477, 50.459912], [35.411621, 50.539697], [35.391699, 50.610937], [35.440137, 50.68208], [35.440137, 50.727686], [35.383203, 50.798926], [35.314746, 50.949902], [35.309082, 50.986914], [35.334766, 51.021143], [35.311914, 51.043896], [35.198047, 51.043896], [35.158105, 51.060986], [35.092578, 51.180664], [35.064063, 51.203418], [34.712305, 51.172217], [34.491016, 51.237061], [34.23418, 51.243799], [34.213867, 51.255371], [34.280664, 51.31167], [34.275, 51.340186], [34.229883, 51.363232], [34.206543, 51.419922], [34.200879, 51.553809], [34.11543, 51.644971], [34.121094, 51.67915], [34.379297, 51.716504], [34.402734, 51.741504], [34.397852, 51.78042], [34.113086, 51.979639], [34.015332, 52.155957], [33.92207, 52.251465], [33.818848, 52.315625], [33.735254, 52.344775], [33.451855, 52.333789], [33.287109, 52.353564], [33.148438, 52.34043], [32.899707, 52.256348], [32.806445, 52.252637], [32.50791, 52.308545], [32.435449, 52.307227], [32.362988, 52.272119], [32.282813, 52.114014], [32.122266, 52.050586], [31.973828, 52.046631], [31.763379, 52.101074], [31.690625, 52.220654], [31.577344, 52.312305], [31.585547, 52.532471], [31.615918, 52.546191], [31.526172, 52.633008], [31.519434, 52.69873], [31.563477, 52.731445], [31.564844, 52.759229], [31.535156, 52.798242], [31.258789, 53.016699], [31.388379, 53.184814], [31.417871, 53.196045], [31.668262, 53.200928], [31.747461, 53.18418], [31.777441, 53.146875], [31.849707, 53.106201], [32.141992, 53.091162], [32.42627, 53.210596], [32.469336, 53.270312], [32.578027, 53.312402], [32.704297, 53.336328], [32.706445, 53.419434], [32.685742, 53.448145], [32.469629, 53.546973], [32.425195, 53.617285], [32.450977, 53.65332], [32.450195, 53.69292], [32.200391, 53.78125], [31.820801, 53.791943], [31.754199, 53.810449], [31.825293, 53.93501], [31.837793, 54.000781], [31.825977, 54.030713], [31.791992, 54.055908], [31.403613, 54.195947], [31.299121, 54.291699], [31.245508, 54.39165], [31.184766, 54.452979], [31.074805, 54.491797], [31.152148, 54.625342], [30.798828, 54.783252], [30.791016, 54.806006], [30.829883, 54.91499], [30.977734, 55.050488], [30.958887, 55.137598], [30.814453, 55.278711], [30.820996, 55.330273], [30.900586, 55.397412], [30.906836, 55.57002], [30.882227, 55.596387], [30.72168, 55.622119], [30.625586, 55.66626], [30.45625, 55.786816], [30.233594, 55.845215], [29.937012, 55.845264], [29.744141, 55.77041], [29.630078, 55.751172], [29.482227, 55.68457], [29.412988, 55.724854], [29.353418, 55.784375], [29.397949, 55.881055], [29.375, 55.938721], [29.087402, 56.021143], [29.031738, 56.021777], [28.794727, 55.942578], [28.74082, 55.955371], [28.636914, 56.061768], [28.563965, 56.091992], [28.407031, 56.089014], [28.316309, 56.052539], [28.284277, 56.055908], [28.147949, 56.14292], [28.202051, 56.2604], [28.169238, 56.386865], [28.103125, 56.545703], [28.00752, 56.599854], [27.991602, 56.645312], [27.89209, 56.741064], [27.881543, 56.82417], [27.848633, 56.853418], [27.806055, 56.86709], [27.639453, 56.845654], [27.711133, 56.978076], [27.717383, 57.054639], [27.762793, 57.135107], [27.814551, 57.166895], [27.830273, 57.194482], [27.828613, 57.293311], [27.538672, 57.429785], [27.511133, 57.508154], [27.469727, 57.524023], [27.351953, 57.528125], [27.4, 57.666797], [27.491992, 57.724951], [27.54209, 57.799414], [27.776953, 57.856738], [27.76875, 57.884131], [27.673438, 57.934619], [27.571094, 58.138086], [27.502441, 58.221338], [27.487793, 58.270068], [27.530078, 58.381494], [27.531348, 58.435254], [27.427051, 58.733057], [27.43418, 58.787256], [27.464453, 58.841309], [27.513086, 58.886279], [27.621777, 58.944971], [27.757617, 59.052002], [27.897656, 59.277637], [27.938184, 59.297021], [28.016406, 59.301709], [28.061328, 59.343262], [28.151074, 59.374414], [28.133008, 59.403076], [28.0125, 59.484277], [28.063965, 59.554004], [28.013965, 59.724756], [28.058008, 59.781543], [28.131152, 59.786523], [28.2125, 59.724658], [28.33457, 59.692529], [28.42373, 59.734082], [28.453906, 59.814258], [28.518164, 59.849561], [28.603906, 59.818066], [28.747656, 59.806689], [28.947266, 59.82876], [29.079102, 59.960986], [29.147266, 59.999756], [29.669727, 59.955664], [30.122559, 59.873584], [30.156836, 59.904297], [30.172656, 59.957129], [29.976758, 60.026367], [29.872266, 60.12085], [29.721191, 60.195312], [29.569336, 60.201855], [29.37041, 60.175928], [29.069141, 60.191455], [28.812695, 60.331543], [28.643164, 60.375293], [28.522266, 60.482959], [28.491602, 60.540137], [28.622461, 60.491602], [28.650586, 60.610986], [28.512793, 60.677295], [28.179297, 60.570996], [27.797656, 60.536133], [28.407422, 60.896924], [28.662891, 61.002832], [28.739063, 61.05874], [29.25166, 61.287793], [29.492383, 61.444238], [29.690137, 61.546094], [30.365365284688835, 62.0], [46.0, 62.0], [46.0, 42.02241470487325], [45.954004, 42.0354]]], [[[20.859375, 55.183643], [20.594824, 54.982373], [20.8875, 54.909473], [20.995898, 54.902686], [21.188867, 54.935205], [21.235742, 55.264111], [21.389258, 55.275537], [21.44707, 55.234424], [21.554688, 55.195312], [21.873926, 55.100732], [22.072363, 55.063672], [22.567285, 55.059131], [22.627441, 54.970703], [22.736523, 54.928857], [22.824707, 54.871289], [22.83125, 54.838477], [22.709668, 54.632617], [22.684473, 54.562939], [22.679883, 54.493018], [22.766211, 54.356787], [22.168457, 54.359863], [20.208203, 54.420752], [19.604395, 54.45918], [19.758496, 54.544824], [19.858887, 54.633838], [19.944141, 54.75], [19.974512, 54.921191], [20.107617, 54.956494], [20.39668, 54.95127], [20.520313, 54.994873], [20.678906, 55.102637], [20.899805, 55.28667], [20.957813, 55.278906], [20.859375, 55.183643]]], [[[33.654323, 46.146222], [33.659965, 46.219573], [33.806667, 46.208288], [34.02672, 46.106725], [34.128283, 46.089798], [34.224203, 46.101083], [34.353978, 46.061586], [34.449898, 45.965666], [34.686878, 45.97695], [34.794084, 45.892315], [34.799726, 45.790752], [34.946428, 45.728686], [35.001674, 45.733383], [35.260156, 45.446924], [35.373926, 45.353613], [35.45752, 45.316309], [35.558008, 45.310889], [35.750977, 45.389355], [35.833496, 45.401611], [36.012891, 45.37168], [36.077148, 45.424121], [36.170508, 45.453076], [36.290332, 45.456738], [36.575, 45.393555], [36.450781, 45.232324], [36.393359, 45.065381], [36.229883, 45.025977], [36.054785, 45.030811], [35.870117, 45.005322], [35.677539, 45.102002], [35.569531, 45.119336], [35.472559, 45.098486], [35.357813, 44.978418], [35.154785, 44.896338], [35.087695, 44.802637], [34.887793, 44.823584], [34.716895, 44.807129], [34.469922, 44.72168], [34.281738, 44.538428], [34.074414, 44.423828], [33.909961, 44.387598], [33.755664, 44.398926], [33.655859, 44.433203], [33.450684, 44.553662], [33.462695, 44.596826], [33.530078, 44.680518], [33.612207, 44.907812], [33.601172, 44.981494], [33.555176, 45.097656], [33.39248, 45.187842], [33.261523, 45.170752], [33.186914, 45.194775], [32.918652, 45.348145], [32.772656, 45.358984], [32.611328, 45.328076], [32.551855, 45.350391], [32.508008, 45.403809], [32.828027, 45.593018], [33.142285, 45.749219], [33.280078, 45.765234], [33.466211, 45.837939], [33.664844, 45.94707], [33.636719, 46.032861], [33.594141, 46.09624], [33.654323, 46.146222]]]]}}, {"type": "Feature", "properties": {"iso": "RO", "name": "Romania"}, "geometry": {"type": "Polygon", "coordinates": [[[28.317676, 45.347119], [28.45127, 45.292187], [28.760742, 45.234131], [28.791406, 45.251904], [28.769824, 45.266895], [28.781738, 45.309863], [28.894336, 45.289941], [29.027441, 45.320557], [29.223535, 45.40293], [29.403711, 45.419678], [29.567676, 45.370801], [29.705859, 45.259912], [29.635352, 44.979639], [29.55752, 44.843408], [29.048242, 44.757568], [29.081055, 44.798828], [29.047754, 44.925684], [29.095313, 44.975049], [28.980664, 44.99292], [28.930566, 44.96582], [28.891504, 44.918652], [28.926172, 44.81001], [28.849023, 44.716309], [28.846484, 44.636865], [28.813574, 44.60249], [28.807031, 44.565039], [28.888184, 44.574756], [28.851758, 44.506104], [28.699219, 44.374219], [28.64541, 44.295654], [28.658594, 43.983838], [28.590723, 43.797412], [28.585352, 43.742236], [28.423438, 43.740479], [28.221973, 43.772852], [28.05, 43.822412], [27.884277, 43.987354], [27.738574, 43.956299], [27.670898, 43.997803], [27.561035, 44.020068], [27.425391, 44.020508], [27.086914, 44.167383], [26.847754, 44.146191], [26.489258, 44.083984], [26.21582, 44.007275], [25.933398, 43.870557], [25.818848, 43.766846], [25.686133, 43.711768], [25.49707, 43.670801], [25.159668, 43.686328], [24.430566, 43.794385], [24.226758, 43.763477], [23.950781, 43.78667], [23.53457, 43.853564], [23.224609, 43.873877], [22.919043, 43.834473], [22.867676, 43.864551], [22.856445, 43.899023], [22.868262, 43.9479], [22.911328, 43.987207], [23.024414, 44.047217], [23.028516, 44.077979], [22.687891, 44.248291], [22.683301, 44.286475], [22.530664, 44.377979], [22.494531, 44.435449], [22.502344, 44.4896], [22.554004, 44.540332], [22.620117, 44.562354], [22.700781, 44.555518], [22.734375, 44.569922], [22.720898, 44.605518], [22.497656, 44.70625], [22.350684, 44.676123], [22.200977, 44.560693], [22.093066, 44.541943], [22.026953, 44.619873], [21.909277, 44.666113], [21.740234, 44.680664], [21.636133, 44.710449], [21.59707, 44.75542], [21.523145, 44.790088], [21.360059, 44.82666], [21.35791, 44.861816], [21.519922, 44.880811], [21.532324, 44.900684], [21.533203, 44.918848], [21.377734, 44.973437], [21.35293, 45.008984], [21.420703, 45.032959], [21.434473, 45.075146], [21.491797, 45.122266], [21.490234, 45.1479], [21.431445, 45.192529], [21.226465, 45.241309], [21.147852, 45.291748], [21.023828, 45.321533], [20.794043, 45.467871], [20.774219, 45.484424], [20.786035, 45.536475], [20.76582, 45.597461], [20.775, 45.749805], [20.760156, 45.758105], [20.709277, 45.735254], [20.652734, 45.779395], [20.581152, 45.869482], [20.358594, 45.975488], [20.241797, 46.108594], [20.280957, 46.133008], [20.508105, 46.166943], [20.613672, 46.133496], [20.707422, 46.172803], [20.760254, 46.24624], [20.837012, 46.259717], [21.039844, 46.242236], [21.12168, 46.282422], [21.151953, 46.304346], [21.191797, 46.391553], [21.264551, 46.412305], [21.252246, 46.486377], [21.320215, 46.607812], [21.49707, 46.704297], [21.477051, 46.753369], [21.494434, 46.789746], [21.652637, 46.96377], [21.661426, 47.043896], [21.785449, 47.138135], [21.869336, 47.30459], [21.995313, 47.395703], [21.999707, 47.505029], [22.111914, 47.572021], [22.290625, 47.727832], [22.491406, 47.772559], [22.608398, 47.766309], [22.676758, 47.799023], [22.87666, 47.947266], [23.054785, 48.006543], [23.139453, 48.087402], [23.202637, 48.084521], [23.408203, 47.98999], [23.669043, 47.992334], [24.001855, 47.935791], [24.059766, 47.944775], [24.177734, 47.906055], [24.484082, 47.947119], [24.578906, 47.931055], [24.893359, 47.717773], [25.073828, 47.745703], [25.169629, 47.823096], [25.464258, 47.910791], [26.162695, 47.992529], [26.276953, 48.113232], [26.305664, 48.20376], [26.618945, 48.259863], [26.71377, 48.263477], [26.787305, 48.255811], [26.900977, 48.211133], [26.980762, 48.155029], [27.152051, 47.959277], [27.230859, 47.841748], [27.27793, 47.717969], [27.336914, 47.639746], [27.464844, 47.53667], [27.614063, 47.340527], [27.767969, 47.227588], [27.853809, 47.114502], [28.071777, 46.978418], [28.15, 46.79209], [28.239453, 46.64082], [28.222656, 46.508057], [28.244336, 46.45127], [28.119141, 46.138672], [28.099707, 45.972607], [28.115527, 45.825537], [28.15625, 45.713086], [28.159766, 45.647119], [28.074707, 45.598975], [28.317676, 45.347119]]]}}, {"type": "Feature", "properties": {"iso": "PT", "name": "Portugal"}, "geometry": {"type": "Polygon", "coordinates": [[[-8.682959, 42.008496], [-8.538086, 42.069336], [-8.266064, 42.137402], [-8.213086, 42.133691], [-8.12998, 42.018164], [-8.21333, 41.9271], [-8.224756, 41.89585], [-8.173535, 41.819971], [-8.15249, 41.811963], [-8.094434, 41.814209], [-7.92085, 41.883643], [-7.896387, 41.870557], [-7.693066, 41.888477], [-7.512598, 41.835986], [-7.403613, 41.833691], [-7.268555, 41.864404], [-7.209619, 41.895264], [-7.195361, 41.955225], [-7.147119, 41.981152], [-7.030469, 41.950635], [-6.865527, 41.945264], [-6.833203, 41.96416], [-6.703613, 41.93457], [-6.618262, 41.942383], [-6.575342, 41.913086], [-6.55752, 41.874121], [-6.558984, 41.704053], [-6.542187, 41.67251], [-6.391699, 41.665381], [-6.308057, 41.642187], [-6.243115, 41.601807], [-6.2125, 41.532031], [-6.244336, 41.515918], [-6.289355, 41.455029], [-6.403125, 41.375391], [-6.565918, 41.303711], [-6.690137, 41.214502], [-6.775781, 41.107715], [-6.882812, 41.062402], [-6.928467, 41.009131], [-6.857715, 40.87832], [-6.835889, 40.77749], [-6.818359, 40.654053], [-6.852051, 40.443262], [-6.810156, 40.343115], [-7.014697, 40.20835], [-7.032617, 40.16792], [-7.027832, 40.142627], [-6.916406, 40.056836], [-6.896094, 40.021826], [-6.911182, 39.937109], [-6.975391, 39.798389], [-7.036719, 39.713965], [-7.117676, 39.681689], [-7.454102, 39.680664], [-7.535693, 39.661572], [-7.445117, 39.536182], [-7.335449, 39.465137], [-7.305762, 39.338135], [-7.172412, 39.135205], [-7.042969, 39.10708], [-6.997949, 39.056445], [-7.00625, 38.985254], [-7.046045, 38.907031], [-7.125488, 38.826953], [-7.281543, 38.714551], [-7.305957, 38.566846], [-7.343018, 38.457422], [-7.106396, 38.181006], [-6.957568, 38.187891], [-7.022852, 38.044727], [-7.185449, 38.006348], [-7.292236, 37.906445], [-7.378906, 37.786377], [-7.443945, 37.728271], [-7.503516, 37.585498], [-7.406152, 37.179443], [-7.493604, 37.168311], [-7.834131, 37.005713], [-7.939697, 37.00542], [-8.136768, 37.077051], [-8.484326, 37.100049], [-8.597656, 37.121338], [-8.739111, 37.074609], [-8.848437, 37.075684], [-8.935352, 37.016016], [-8.997803, 37.032275], [-8.81416, 37.430811], [-8.818555, 37.592432], [-8.791846, 37.732812], [-8.822656, 37.871875], [-8.878955, 37.958691], [-8.802246, 38.183838], [-8.810937, 38.299756], [-8.881104, 38.44668], [-8.668311, 38.424316], [-8.798877, 38.518164], [-8.914795, 38.512109], [-9.186719, 38.438184], [-9.213281, 38.448096], [-9.203369, 38.538965], [-9.250391, 38.656738], [-9.177832, 38.687793], [-9.093311, 38.69668], [-9.021484, 38.746875], [-8.977051, 38.80293], [-9.000488, 38.903027], [-8.938086, 38.998096], [-8.791602, 39.078174], [-8.86748, 39.065967], [-8.954297, 39.016064], [-9.091016, 38.834668], [-9.135791, 38.742773], [-9.356738, 38.6979], [-9.474121, 38.730859], [-9.474756, 38.85293], [-9.431445, 38.960449], [-9.414355, 39.112109], [-9.352832, 39.248145], [-9.374756, 39.338281], [-9.319629, 39.391113], [-9.251416, 39.426025], [-9.148291, 39.542578], [-8.837842, 40.115674], [-8.851318, 40.151807], [-8.886621, 40.179443], [-8.872656, 40.259082], [-8.772412, 40.605664], [-8.731592, 40.650928], [-8.684619, 40.752539], [-8.655566, 41.029492], [-8.674609, 41.154492], [-8.738379, 41.284668], [-8.805664, 41.56001], [-8.81084, 41.651953], [-8.75542, 41.698389], [-8.846387, 41.705176], [-8.887598, 41.7646], [-8.878223, 41.83208], [-8.777148, 41.941064], [-8.682959, 42.008496]]]}}, {"type": "Feature", "properties": {"iso": "PL", "name": "Poland"}, "geometry": {"type": "Polygon", "coordinates": [[[23.658887, 51.448975], [23.679688, 51.394922], [23.657617, 51.35249], [23.664453, 51.310059], [23.863477, 51.126221], [23.938086, 50.992529], [23.985742, 50.94043], [24.095801, 50.872754], [24.105762, 50.844971], [24.061621, 50.819531], [23.99707, 50.809375], [23.978418, 50.785596], [24.046289, 50.722803], [24.094727, 50.617041], [24.089941, 50.530469], [24.052637, 50.508447], [23.972656, 50.410059], [23.711719, 50.377344], [23.036328, 49.899072], [22.706152, 49.606201], [22.649414, 49.539014], [22.732422, 49.295166], [22.705664, 49.171191], [22.84707, 49.08125], [22.839746, 49.038916], [22.809766, 49.020752], [22.57998, 49.077197], [22.473047, 49.081299], [22.020117, 49.209521], [21.967676, 49.299072], [21.890137, 49.343457], [21.639648, 49.411963], [21.350488, 49.42876], [21.079395, 49.418262], [21.001172, 49.339844], [20.947266, 49.31709], [20.868457, 49.314697], [20.799512, 49.328662], [20.729004, 49.369922], [20.616113, 49.391699], [20.362988, 49.385254], [20.163672, 49.316406], [20.107617, 49.270752], [20.057617, 49.181299], [19.916113, 49.221387], [19.802246, 49.192334], [19.756641, 49.204395], [19.787988, 49.269971], [19.773926, 49.372168], [19.630273, 49.406641], [19.479688, 49.576367], [19.441602, 49.597705], [19.250195, 49.511426], [19.149414, 49.4], [18.968359, 49.39624], [18.938184, 49.498291], [18.832227, 49.510791], [18.806934, 49.613721], [18.594629, 49.757812], [18.562402, 49.879346], [18.516211, 49.902393], [18.348438, 49.929834], [18.305273, 49.914062], [18.205273, 49.964746], [18.099219, 49.992773], [18.02832, 50.035254], [17.983789, 49.999072], [17.874805, 49.972266], [17.83125, 49.983301], [17.681055, 50.100781], [17.627051, 50.116406], [17.589355, 50.157471], [17.709277, 50.193555], [17.735449, 50.230762], [17.720117, 50.298633], [17.702246, 50.307178], [17.55459, 50.264062], [17.415234, 50.254785], [17.151953, 50.37832], [16.880078, 50.427051], [16.869141, 50.414502], [16.993359, 50.259717], [16.989648, 50.236914], [16.841797, 50.186719], [16.679102, 50.097461], [16.63916, 50.102148], [16.59668, 50.121924], [16.487598, 50.248389], [16.33418, 50.366895], [16.230762, 50.394092], [16.210352, 50.42373], [16.28252, 50.483008], [16.356641, 50.500488], [16.419727, 50.573633], [16.359961, 50.621387], [16.282227, 50.655615], [16.007227, 50.611621], [15.948535, 50.670264], [15.893945, 50.676904], [15.730566, 50.739697], [15.354395, 50.811768], [15.277051, 50.883008], [15.258594, 50.958545], [14.99375, 51.014355], [14.98291, 50.886572], [14.895801, 50.861377], [14.809375, 50.858984], [14.963867, 51.095117], [15.016602, 51.252734], [14.935547, 51.435352], [14.905957, 51.46333], [14.724707, 51.523877], [14.710938, 51.544922], [14.738672, 51.627148], [14.724902, 51.661719], [14.623926, 51.770801], [14.60166, 51.832373], [14.674902, 51.904834], [14.752539, 52.081836], [14.70459, 52.110205], [14.692383, 52.150049], [14.705371, 52.207471], [14.679883, 52.25], [14.615625, 52.277637], [14.573926, 52.31416], [14.55459, 52.359668], [14.569727, 52.431104], [14.619434, 52.528516], [14.514063, 52.645605], [14.253711, 52.78252], [14.128613, 52.878223], [14.138867, 52.932861], [14.193652, 52.982324], [14.293164, 53.026758], [14.368555, 53.105566], [14.410938, 53.199023], [14.414551, 53.283496], [14.29873, 53.556445], [14.258887, 53.729639], [14.583496, 53.639355], [14.552148, 53.707324], [14.564941, 53.753516], [14.558398, 53.823193], [14.213672, 53.870752], [14.198242, 53.919043], [14.211426, 53.950342], [14.249316, 53.931934], [14.38418, 53.924707], [14.715723, 54.018311], [15.288379, 54.139893], [15.9, 54.253955], [16.186328, 54.290381], [16.375586, 54.436865], [16.559766, 54.553809], [16.885449, 54.596387], [17.007031, 54.651855], [17.261914, 54.729541], [17.842969, 54.816699], [18.085645, 54.83584], [18.323438, 54.838184], [18.759277, 54.68457], [18.799609, 54.63335], [18.67832, 54.665283], [18.501563, 54.741504], [18.43623, 54.744727], [18.587109, 54.512891], [18.669629, 54.430908], [18.836426, 54.36958], [18.97627, 54.348926], [19.407129, 54.386084], [19.604395, 54.45918], [20.208203, 54.420752], [22.168457, 54.359863], [22.731836, 54.350098], [22.82373, 54.395801], [22.893945, 54.390527], [23.015527, 54.34834], [23.042188, 54.304199], [23.170313, 54.281445], [23.282324, 54.240332], [23.453613, 54.143457], [23.481348, 54.079004], [23.477637, 53.958936], [23.598926, 53.599219], [23.789258, 53.270947], [23.887109, 53.027539], [23.916309, 52.81875], [23.90127, 52.703613], [23.844727, 52.664209], [23.47959, 52.551562], [23.410938, 52.516211], [23.204102, 52.337891], [23.175098, 52.286621], [23.196973, 52.256934], [23.458398, 52.169531], [23.597949, 52.103076], [23.652441, 52.040381], [23.651074, 51.972998], [23.607422, 51.879785], [23.625684, 51.809326], [23.544824, 51.710254], [23.539648, 51.618896], [23.658887, 51.448975]]]}}, {"type": "Feature", "properties": {"iso": "NO", "name": "Norway"}, "geometry": {"type": "MultiPolygon", "coordinates": [[[[12.240771480042188, 62.0], [12.155371, 61.720752], [12.486816, 61.572998], [12.596094, 61.541309], [12.880762, 61.352295], [12.828223, 61.221826], [12.776367, 61.173975], [12.706055, 61.059863], [12.683008, 61.046826], [12.467578, 61.041504], [12.294141, 61.002686], [12.314648, 60.892139], [12.553809, 60.545654], [12.588672, 60.450732], [12.552832, 60.354492], [12.51582, 60.305225], [12.486133, 60.106787], [12.291992, 59.967236], [12.169238, 59.912891], [11.988281, 59.891309], [11.932129, 59.863672], [11.834277, 59.697168], [11.680762, 59.592285], [11.798145, 59.289893], [11.712207, 59.018652], [11.642773, 58.926074], [11.543555, 58.893018], [11.470703, 58.909521], [11.388281, 59.036523], [11.365918, 59.104541], [10.834473, 59.183936], [10.644922, 59.389209], [10.631055, 59.428174], [10.634375, 59.60249], [10.604492, 59.680029], [10.595313, 59.764551], [10.533887, 59.695801], [10.569531, 59.587109], [10.49375, 59.541504], [10.398145, 59.519336], [10.407129, 59.455664], [10.446387, 59.443604], [10.45459, 59.37749], [10.431348, 59.279639], [10.243164, 59.062061], [10.179395, 59.009277], [10.083105, 59.028809], [9.95957, 58.968213], [9.842578, 58.958496], [9.800195, 59.027051], [9.635156, 59.117773], [9.557227, 59.112695], [9.696094, 59.009717], [9.656934, 58.971191], [9.618457, 58.946045], [9.309961, 58.856836], [9.395801, 58.805664], [9.322949, 58.747559], [9.238672, 58.739014], [9.19375, 58.711865], [9.178125, 58.675], [8.928418, 58.569971], [8.521387, 58.300586], [8.312207, 58.224463], [8.166113, 58.145313], [8.037402, 58.147266], [7.875586, 58.07998], [7.465918, 58.020947], [7.194141, 58.047656], [7.004883, 58.024219], [6.903418, 58.070508], [6.890234, 58.102295], [6.912305, 58.142871], [6.877051, 58.150732], [6.802832, 58.154541], [6.771094, 58.132227], [6.766797, 58.081543], [6.731445, 58.068311], [6.590527, 58.097314], [6.555078, 58.123437], [6.605762, 58.176367], [6.69248, 58.224023], [6.659863, 58.262744], [6.389063, 58.267969], [6.054688, 58.375146], [5.976562, 58.432324], [5.706836, 58.523633], [5.585938, 58.62041], [5.517285, 58.726514], [5.555566, 58.975195], [5.612207, 59.012891], [5.854297, 58.959473], [6.099023, 58.870264], [6.137305, 58.874658], [6.21416, 58.944678], [6.363281, 59.000928], [6.321094, 59.016455], [6.099414, 58.951953], [5.88916, 59.060498], [5.88916, 59.097949], [5.94873, 59.135449], [5.968555, 59.186133], [5.937305, 59.233984], [5.951855, 59.299072], [6.305664, 59.505566], [6.415332, 59.547119], [6.403906, 59.560986], [6.278516, 59.534521], [6.017383, 59.414453], [5.845215, 59.353467], [5.564063, 59.291211], [5.467578, 59.203809], [5.362305, 59.166357], [5.173242, 59.162549], [5.131641, 59.226465], [5.185059, 59.453662], [5.242188, 59.564307], [5.304883, 59.642578], [5.403516, 59.655762], [5.472461, 59.713086], [5.772168, 59.660938], [5.867285, 59.733984], [5.991016, 59.744678], [6.216602, 59.818359], [6.211914, 59.831787], [5.833984, 59.794678], [5.763477, 59.80791], [5.730469, 59.863086], [5.783594, 59.912793], [6.069922, 60.083496], [6.111816, 60.13208], [6.105176, 60.165137], [6.140527, 60.233496], [6.34873, 60.352979], [6.518066, 60.407568], [6.573633, 60.360596], [6.526367, 60.213623], [6.526855, 60.15293], [6.660938, 60.367236], [6.719922, 60.418164], [6.787109, 60.454102], [6.949707, 60.478223], [6.995703, 60.511963], [6.806348, 60.500781], [6.346973, 60.419092], [6.15332, 60.34624], [6.101758, 60.290137], [5.904395, 60.150635], [5.876563, 60.07002], [5.800879, 60.026221], [5.698828, 60.01001], [5.557031, 59.907764], [5.494531, 59.825586], [5.263867, 59.709766], [5.186035, 59.642285], [5.145801, 59.638818], [5.110742, 59.667822], [5.104883, 59.731689], [5.119238, 59.833691], [5.187109, 59.90708], [5.219531, 59.97876], [5.174414, 60.045703], [5.205664, 60.087939], [5.376465, 60.067236], [5.494531, 60.070312], [5.688574, 60.123193], [5.657617, 60.154102], [5.417383, 60.154102], [5.28584, 60.205713], [5.183594, 60.308398], [5.137109, 60.445605], [5.168164, 60.484814], [5.546484, 60.624561], [5.64834, 60.687988], [5.589355, 60.694287], [5.447363, 60.617334], [5.244043, 60.56958], [5.11582, 60.635986], [5.049121, 60.70752], [5.010742, 60.858545], [5.024609, 60.936133], [5.008594, 61.038184], [5.09541, 61.071338], [5.288184, 61.047168], [5.505273, 61.056104], [5.983984, 61.117334], [6.292578, 61.080957], [6.417969, 61.084277], [6.609863, 61.137012], [6.777832, 61.142432], [6.903418, 61.102148], [6.97207, 61.055957], [6.980566, 60.994141], [7.038672, 60.95293], [7.07793, 60.966309], [7.04668, 61.015283], [7.040137, 61.091162], [7.54502, 61.177148], [7.604492, 61.210547], [7.403906, 61.222168], [7.346582, 61.300586], [7.452539, 61.419238], [7.442578, 61.434619], [7.331152, 61.372021], [7.27627, 61.283936], [7.298047, 61.213623], [7.275977, 61.180957], [6.942578, 61.160547], [6.657031, 61.206592], [6.610254, 61.229102], [6.625879, 61.279297], [6.599902, 61.289648], [6.543066, 61.244531], [6.492578, 61.15459], [6.383496, 61.133887], [6.08252, 61.167285], [5.646777, 61.147607], [5.45127, 61.102344], [5.324609, 61.108252], [5.106738, 61.187549], [5.02168, 61.250586], [4.989941, 61.377686], [5.002734, 61.433594], [5.258301, 61.455469], [5.338672, 61.485498], [5.167578, 61.543359], [5.099414, 61.620166], [4.99668, 61.645215], [4.927832, 61.710693], [4.910352, 61.80957], [4.930078, 61.87832], [4.985059, 61.900439], [5.116992, 61.8854], [5.465332, 61.896924], [6.01582, 61.7875], [6.466699, 61.807422], [6.730762, 61.869775], [6.682324, 61.887012], [6.395898, 61.850977], [6.131152, 61.852441], [5.473047, 61.945605], [5.266895, 61.935596], [5.15957, 61.956982], [5.120621787536957, 62.0], [12.240771480042188, 62.0]]], [[[4.870117, 61.071924], [4.799023, 61.082715], [4.824414, 61.178223], [4.91543, 61.199365], [4.973242, 61.148242], [4.958691, 61.08457], [4.870117, 61.071924]]], [[[5.089063, 60.18877], [4.996973, 60.197754], [4.955566, 60.243311], [4.930078, 60.412061], [4.957227, 60.447266], [4.990625, 60.452051], [5.050195, 60.388965], [5.08584, 60.307568], [5.089063, 60.18877]]]]}}, {"type": "Feature", "properties": {"iso": "NL", "name": "Netherlands"}, "geometry": {"type": "MultiPolygon", "coordinates": [[[[5.993945, 50.750439], [5.693652, 50.774658], [5.639453, 50.843604], [5.647559, 50.86665], [5.75, 50.950244], [5.749805, 50.98877], [5.818262, 51.086426], [5.827148, 51.125635], [5.796484, 51.153076], [5.608789, 51.198437], [5.476855, 51.285059], [5.31084, 51.259717], [5.21416, 51.278955], [5.099902, 51.346484], [5.059473, 51.453125], [5.030957, 51.469092], [4.943945, 51.407764], [4.848047, 51.403271], [4.820703, 51.412061], [4.810547, 51.452734], [4.755664, 51.491113], [4.633984, 51.421729], [4.58877, 51.421924], [4.503418, 51.474707], [4.384766, 51.427588], [4.404004, 51.36709], [4.37373, 51.356006], [4.304492, 51.361523], [4.226172, 51.386475], [4.138867, 51.401514], [4.006543, 51.443213], [3.821875, 51.409375], [3.693555, 51.449902], [3.586914, 51.453906], [3.448926, 51.540771], [3.499609, 51.57666], [3.548633, 51.589111], [3.743945, 51.596045], [3.886035, 51.574219], [4.141309, 51.455762], [4.274121, 51.471631], [4.239355, 51.503906], [4.080469, 51.551123], [4.004785, 51.59585], [4.182617, 51.610303], [4.13457, 51.6729], [3.946875, 51.810547], [4.084863, 51.994092], [4.208789, 52.058984], [4.37627, 52.196826], [4.482813, 52.30918], [4.562109, 52.442578], [4.67832, 52.809766], [4.76875, 52.941309], [4.887988, 52.90835], [5.06123, 52.960645], [5.358398, 53.096484], [5.445996, 53.214062], [5.532031, 53.268701], [5.873535, 53.375195], [6.062207, 53.40708], [6.816211, 53.441162], [6.968164, 53.327295], [7.197266, 53.282275], [7.189941, 52.999512], [7.11709, 52.887012], [7.050879, 52.744775], [7.033008, 52.651367], [7.013184, 52.633545], [6.748438, 52.634082], [6.710742, 52.617871], [6.71875, 52.573584], [6.691602, 52.530176], [6.70293, 52.499219], [6.748828, 52.464014], [6.83252, 52.442285], [6.968164, 52.444092], [7.035156, 52.380225], [7.019629, 52.266016], [6.977246, 52.205518], [6.724512, 52.080225], [6.715625, 52.036182], [6.802441, 51.980176], [6.800391, 51.967383], [6.741797, 51.910889], [6.517578, 51.853955], [6.425, 51.858398], [6.355664, 51.824658], [6.166504, 51.880762], [5.94873, 51.802686], [5.948535, 51.762402], [6.089355, 51.637793], [6.091113, 51.598926], [6.193262, 51.488916], [6.198828, 51.45], [6.166211, 51.354834], [6.075879, 51.224121], [6.082422, 51.17998], [6.136914, 51.164844], [6.12998, 51.147412], [5.939258, 51.04082], [5.868359, 51.045312], [5.85752, 51.030127], [5.894727, 50.984229], [6.006836, 50.949951], [6.048438, 50.904883], [5.993945, 50.750439]]], [[[4.226172, 51.386475], [4.172559, 51.30708], [4.040039, 51.24707], [3.902051, 51.207666], [3.830762, 51.212598], [3.681836, 51.275684], [3.580273, 51.286182], [3.471973, 51.242236], [3.43252, 51.245752], [3.380078, 51.291113], [3.350098, 51.377686], [3.589453, 51.399414], [3.716504, 51.369141], [3.883398, 51.354492], [4.011035, 51.395947], [4.111523, 51.360645], [4.226172, 51.386475]]], [[[6.193262, 53.476807], [6.159277, 53.483936], [6.290918, 53.51499], [6.333398, 53.510742], [6.193262, 53.476807]]], [[[5.732031, 53.442627], [5.654297, 53.466504], [5.87627, 53.475098], [5.929297, 53.458838], [5.732031, 53.442627]]], [[[4.92373, 53.23457], [4.90791, 53.24624], [5.027051, 53.310205], [5.108594, 53.308008], [4.92373, 53.23457]]], [[[5.232617, 53.377783], [5.190234, 53.391797], [5.415137, 53.431445], [5.582617, 53.438086], [5.232617, 53.377783]]], [[[4.787109, 52.999805], [4.70918, 53.036035], [4.739844, 53.091309], [4.886426, 53.183301], [4.886133, 53.070703], [4.787109, 52.999805]]], [[[4.046777, 51.684912], [4.075098, 51.648779], [3.950977, 51.627051], [3.819043, 51.693994], [3.731836, 51.678223], [3.699023, 51.709912], [3.698535, 51.729687], [3.789062, 51.746436], [3.949121, 51.739453], [4.046777, 51.684912]]], [[[6.64209, 53.579199], [6.668555, 53.605664], [6.800879, 53.625488], [6.734766, 53.58252], [6.64209, 53.579199]]]]}}, {"type": "Feature", "properties": {"iso": "MA", "name": "Morocco"}, "geometry": {"type": "Polygon", "coordinates": [[[-2.190771, 35.029785], [-2.131787, 34.97085], [-1.795605, 34.751904], [-1.792187, 34.723193], [-1.849658, 34.607324], [-1.816602, 34.55708], [-1.739453, 34.496094], [-1.733301, 34.467041], [-1.791797, 34.36792], [-1.706934, 34.176074], [-1.692676, 33.990283], [-1.714111, 33.781836], [-1.702979, 33.716846], [-1.63125, 33.566748], [-1.679199, 33.318652], [-1.625098, 33.18335], [-1.550732, 33.073584], [-1.51001, 32.877637], [-1.45, 32.784814], [-1.352148, 32.703369], [-1.111035, 32.552295], [-1.065527, 32.468311], [-1.240332, 32.337598], [-1.262109, 32.271143], [-1.225928, 32.164551], [-1.225928, 32.107227], [-1.275342, 32.089014], [-2.448389, 32.12998], [-2.863428, 32.074707], [-2.930859, 32.042529], [-2.988232, 31.874219], [-3.017383, 31.834277], [-3.439795, 31.704541], [-3.60459, 31.686768], [-3.700244, 31.700098], [-3.826758, 31.661914], [-3.849561, 31.566406], [-3.796436, 31.437109], [-3.78916, 31.361816], [-3.815137, 31.308838], [-3.833398, 31.197803], [-3.811816, 31.166602], [-3.770996, 31.161816], [-3.67251, 31.111377], [-3.624512, 31.065771], [-3.626904, 31.000928], [-3.702002, 30.944482], [-3.985352, 30.913525], [-4.322852, 30.698877], [-4.778516, 30.552393], [-4.968262, 30.465381], [-5.180127, 30.166162], [-5.293652, 30.058643], [-5.3830945533728585, 30.0], [-9.722328867435825, 30.0], [-9.66709, 30.109277], [-9.623828, 30.352637], [-9.65293, 30.447559], [-9.773145, 30.603125], [-9.853906, 30.64458], [-9.875488, 30.71792], [-9.832422, 30.847266], [-9.83335, 31.069629], [-9.808691, 31.424609], [-9.674951, 31.710986], [-9.347461, 32.086377], [-9.286572, 32.240576], [-9.24585, 32.572461], [-8.83623, 32.920459], [-8.596289, 33.187158], [-8.512842, 33.252441], [-8.301172, 33.374365], [-7.562354, 33.640283], [-7.144678, 33.830322], [-6.900977, 33.969043], [-6.755762, 34.13291], [-6.353125, 34.776074], [-5.957568, 35.681152], [-5.924805, 35.785791], [-5.622852, 35.828906], [-5.522266, 35.862012], [-5.397363, 35.929883], [-5.277832, 35.902734], [-5.337646, 35.856543], [-5.337646, 35.745215], [-5.252686, 35.614746], [-5.105371, 35.467773], [-4.837207, 35.281299], [-4.62832, 35.206396], [-4.32998, 35.161475], [-3.982422, 35.243408], [-3.787988, 35.244922], [-3.693262, 35.27998], [-3.590625, 35.22832], [-3.394727, 35.211816], [-3.206006, 35.239111], [-3.063086, 35.317236], [-2.972217, 35.407275], [-2.953613, 35.315137], [-2.839941, 35.127832], [-2.731396, 35.135205], [-2.636816, 35.112695], [-2.42373, 35.123486], [-2.219629, 35.104199], [-2.190771, 35.029785]]]}}, {"type": "Feature", "properties": {"iso": "ME", "name": "Montenegro"}, "geometry": {"type": "Polygon", "coordinates": [[[19.194336, 43.533301], [19.21875, 43.449951], [19.414648, 43.342822], [19.551563, 43.212256], [19.614453, 43.173437], [19.670996, 43.163965], [19.781152, 43.109766], [19.944043, 43.081641], [20.167871, 42.968506], [20.268457, 42.935449], [20.339941, 42.892871], [20.347656, 42.852783], [20.344336, 42.82793], [20.215137, 42.798828], [20.192578, 42.754639], [20.054297, 42.760059], [20.029492, 42.732031], [20.089258, 42.631543], [20.070312, 42.55708], [19.939063, 42.506689], [19.788281, 42.476172], [19.737793, 42.525146], [19.740723, 42.606934], [19.727832, 42.634521], [19.703418, 42.647949], [19.654492, 42.628564], [19.399609, 42.341895], [19.280664, 42.172559], [19.330859, 42.129297], [19.361426, 42.069092], [19.342383, 41.869092], [19.186426, 41.948633], [19.122266, 42.060498], [18.894238, 42.249463], [18.63291, 42.378076], [18.619043, 42.398389], [18.645898, 42.442725], [18.51748, 42.43291], [18.438086, 42.522949], [18.436328, 42.559717], [18.534961, 42.620117], [18.545898, 42.641602], [18.543262, 42.67417], [18.466016, 42.777246], [18.443848, 42.968457], [18.460156, 42.9979], [18.623633, 43.027686], [18.621875, 43.124609], [18.674219, 43.230811], [18.851074, 43.346338], [18.934668, 43.339453], [18.978711, 43.2854], [19.02666, 43.292432], [19.036719, 43.357324], [18.940234, 43.496729], [18.950684, 43.52666], [18.974219, 43.542334], [19.080078, 43.517725], [19.164355, 43.535449], [19.194336, 43.533301]]]}}, {"type": "Feature", "properties": {"iso": "MD", "name": "Moldova"}, "geometry": {"type": "Polygon", "coordinates": [[[26.64043, 48.294141], [26.84707, 48.387158], [26.900586, 48.371924], [27.228516, 48.371436], [27.336914, 48.432715], [27.403809, 48.415625], [27.549219, 48.477734], [27.82002, 48.41626], [27.963379, 48.333545], [28.038477, 48.321289], [28.080078, 48.295801], [28.088477, 48.257031], [28.158789, 48.237988], [28.291016, 48.238574], [28.347168, 48.213037], [28.326953, 48.161426], [28.340527, 48.144434], [28.3875, 48.162109], [28.423047, 48.146875], [28.463086, 48.090527], [28.530469, 48.150293], [28.773828, 48.11958], [28.86582, 47.995654], [28.923145, 47.951123], [28.97334, 47.933008], [29.092969, 47.975439], [29.125391, 47.964551], [29.194824, 47.882422], [29.211133, 47.775], [29.186035, 47.658594], [29.122949, 47.530371], [29.134863, 47.489697], [29.159766, 47.455664], [29.333789, 47.375732], [29.383398, 47.328027], [29.53916, 47.270996], [29.541797, 47.185547], [29.510938, 47.128027], [29.515039, 47.091113], [29.563477, 47.04751], [29.571973, 46.964014], [29.719727, 46.88291], [29.877832, 46.828906], [29.94248, 46.723779], [29.924316, 46.538867], [30.131055, 46.423096], [30.075684, 46.377832], [29.837891, 46.350537], [29.751953, 46.437793], [29.706836, 46.44873], [29.614941, 46.398828], [29.555078, 46.407764], [29.458789, 46.45376], [29.392871, 46.436914], [29.304883, 46.466602], [29.25459, 46.392627], [29.20459, 46.379346], [29.200781, 46.50498], [29.18623, 46.523975], [29.146289, 46.526904], [28.958398, 46.458496], [28.927441, 46.424121], [28.930566, 46.362256], [28.94375, 46.288428], [29.00625, 46.176465], [28.971875, 46.127637], [28.947754, 46.049951], [28.849512, 45.978662], [28.73877, 45.937158], [28.729297, 45.852002], [28.667578, 45.793848], [28.562305, 45.735791], [28.491602, 45.665771], [28.51377, 45.572412], [28.499023, 45.517725], [28.310352, 45.498584], [28.2125, 45.450439], [28.074707, 45.598975], [28.159766, 45.647119], [28.15625, 45.713086], [28.115527, 45.825537], [28.099707, 45.972607], [28.119141, 46.138672], [28.244336, 46.45127], [28.222656, 46.508057], [28.239453, 46.64082], [28.15, 46.79209], [28.071777, 46.978418], [27.853809, 47.114502], [27.767969, 47.227588], [27.614063, 47.340527], [27.464844, 47.53667], [27.336914, 47.639746], [27.27793, 47.717969], [27.230859, 47.841748], [27.152051, 47.959277], [26.980762, 48.155029], [26.900977, 48.211133], [26.787305, 48.255811], [26.618945, 48.259863], [26.64043, 48.294141]]]}}, {"type": "Feature", "properties": {"iso": "MC", "name": "Monaco"}, "geometry": {"type": "Polygon", "coordinates": [[[7.377734, 43.731738], [7.39502, 43.765332], [7.436914, 43.761475], [7.438672, 43.750439], [7.377734, 43.731738]]]}}, {"type": "Feature", "properties": {"iso": "MT", "name": "Malta"}, "geometry": {"type": "MultiPolygon", "coordinates": [[[[14.532715, 35.820215], [14.436426, 35.82168], [14.352344, 35.872266], [14.35127, 35.978418], [14.44834, 35.957422], [14.537012, 35.886279], [14.566211, 35.852734], [14.532715, 35.820215]]], [[[14.253613, 36.012158], [14.194238, 36.042236], [14.180371, 36.0604], [14.263281, 36.075781], [14.303711, 36.062305], [14.320898, 36.03623], [14.253613, 36.012158]]]]}}, {"type": "Feature", "properties": {"iso": "MK", "name": "North Macedonia"}, "geometry": {"type": "Polygon", "coordinates": [[[21.618262, 42.242139], [21.904102, 42.32207], [22.052051, 42.304639], [22.239746, 42.358154], [22.344043, 42.313965], [22.498242, 42.165088], [22.582715, 42.104834], [22.796094, 42.025684], [22.836816, 41.993604], [22.943945, 41.775098], [23.003613, 41.739844], [23.005664, 41.716943], [22.951465, 41.605615], [22.929688, 41.356104], [22.916016, 41.336279], [22.783887, 41.331982], [22.755078, 41.312744], [22.724805, 41.178516], [22.603613, 41.140186], [22.493555, 41.118506], [22.184473, 41.158643], [22.138867, 41.140527], [21.993359, 41.130957], [21.929492, 41.107422], [21.779492, 40.950439], [21.575781, 40.868945], [21.404102, 40.907178], [21.32373, 40.867139], [20.964258, 40.849902], [20.933496, 40.903125], [20.870215, 40.91792], [20.74082, 40.905273], [20.709277, 40.928369], [20.656055, 41.06167], [20.567871, 41.127832], [20.488965, 41.272607], [20.492383, 41.391406], [20.448633, 41.521289], [20.516211, 41.574756], [20.505176, 41.706494], [20.553125, 41.862354], [20.566211, 41.873682], [20.694922, 41.853809], [20.725, 41.873535], [20.744141, 41.904297], [20.750391, 42.018359], [20.778125, 42.071045], [21.059766, 42.171289], [21.14248, 42.175], [21.256348, 42.099512], [21.286621, 42.100391], [21.331738, 42.187158], [21.389551, 42.219824], [21.56084, 42.247656], [21.618262, 42.242139]]]}}, {"type": "Feature", "properties": {"iso": "LU", "name": "Luxembourg"}, "geometry": {"type": "Polygon", "coordinates": [[[6.116504, 50.120996], [6.109766, 50.034375], [6.138184, 49.974316], [6.256055, 49.872168], [6.324609, 49.837891], [6.487305, 49.798486], [6.484766, 49.707812], [6.406738, 49.644971], [6.37832, 49.599609], [6.344336, 49.452734], [6.242188, 49.494336], [6.181055, 49.498926], [6.119922, 49.485205], [6.074121, 49.454639], [6.011426, 49.445459], [5.823438, 49.505078], [5.789746, 49.538281], [5.837598, 49.57832], [5.880371, 49.644775], [5.787988, 49.758887], [5.725, 49.808301], [5.744043, 49.919629], [5.788086, 49.96123], [5.866895, 50.082812], [5.97627, 50.167187], [6.089063, 50.15459], [6.116504, 50.120996]]]}}, {"type": "Feature", "properties": {"iso": "LT", "name": "Lithuania"}, "geometry": {"type": "MultiPolygon", "coordinates": [[[[20.899805, 55.28667], [21.014063, 55.401953], [21.057617, 55.476807], [21.087891, 55.583105], [21.114844, 55.616504], [21.103906, 55.487744], [21.031738, 55.350488], [20.957813, 55.278906], [20.899805, 55.28667]]], [[[22.766211, 54.356787], [22.679883, 54.493018], [22.684473, 54.562939], [22.709668, 54.632617], [22.83125, 54.838477], [22.824707, 54.871289], [22.736523, 54.928857], [22.627441, 54.970703], [22.567285, 55.059131], [22.072363, 55.063672], [21.873926, 55.100732], [21.554688, 55.195312], [21.44707, 55.234424], [21.389258, 55.275537], [21.235742, 55.264111], [21.201074, 55.343799], [21.237891, 55.455029], [21.171094, 55.617725], [21.061914, 55.813428], [21.046094, 56.070068], [21.653516, 56.314551], [22.08457, 56.406738], [22.586914, 56.375098], [22.773242, 56.377295], [22.875586, 56.396436], [22.968262, 56.38042], [23.042969, 56.324072], [23.119824, 56.330664], [23.195898, 56.367139], [23.812695, 56.329248], [24.120703, 56.264258], [24.473633, 56.284082], [24.529004, 56.296289], [24.699512, 56.381299], [24.841016, 56.411182], [24.903027, 56.398193], [24.943848, 56.325586], [25.069922, 56.200391], [25.585742, 56.130176], [25.663184, 56.104834], [26.085547, 55.896875], [26.28125, 55.750439], [26.401074, 55.703809], [26.593555, 55.667529], [26.566602, 55.546484], [26.457617, 55.34248], [26.495313, 55.318018], [26.760156, 55.293359], [26.775684, 55.273096], [26.648438, 55.204199], [26.601172, 55.130176], [26.291797, 55.1396], [26.250781, 55.124512], [26.175195, 55.003271], [26.092969, 54.962305], [25.859277, 54.919287], [25.780859, 54.833252], [25.722461, 54.717871], [25.724805, 54.564258], [25.620313, 54.4604], [25.547363, 54.331836], [25.55752, 54.310693], [25.702539, 54.292969], [25.748145, 54.259668], [25.765234, 54.179785], [25.749219, 54.156982], [25.680566, 54.140479], [25.573047, 54.139893], [25.510352, 54.159619], [25.497363, 54.175244], [25.527344, 54.215137], [25.505664, 54.264941], [25.461133, 54.292773], [25.370605, 54.251221], [25.283691, 54.25127], [25.179492, 54.214258], [25.111426, 54.154932], [25.046094, 54.133057], [24.869531, 54.145166], [24.825684, 54.118994], [24.789258, 53.998242], [24.768164, 53.974658], [24.620703, 53.979834], [24.317969, 53.892969], [24.191309, 53.950439], [24.008496, 53.931641], [23.872559, 53.935693], [23.733691, 53.912256], [23.559082, 53.919824], [23.484668, 53.939795], [23.481348, 54.079004], [23.453613, 54.143457], [23.370117, 54.200488], [23.170313, 54.281445], [23.042188, 54.304199], [23.015527, 54.34834], [22.976758, 54.366357], [22.82373, 54.395801], [22.766211, 54.356787]]]]}}, {"type": "Feature", "properties": {"iso": "LI", "name": "Liechtenstein"}, "geometry": {"type": "Polygon", "coordinates": [[[9.580273, 47.057373], [9.487695, 47.062256], [9.479492, 47.09751], [9.484277, 47.172656], [9.527539, 47.270752], [9.555762, 47.185498], [9.610547, 47.107129], [9.580273, 47.057373]]]}}, {"type": "Feature", "properties": {"iso": "LY", "name": "Libya"}, "geometry": {"type": "Polygon", "coordinates": [[[9.637988, 30.282324], [9.89502, 30.387305], [10.216406, 30.783203], [10.256055, 30.864941], [10.243359, 31.032129], [10.114941, 31.46377], [10.159863, 31.545801], [10.274609, 31.684961], [10.306055, 31.704834], [10.475781, 31.736035], [10.543652, 31.802539], [10.608887, 31.929541], [10.771582, 32.021191], [10.826367, 32.080664], [11.50498, 32.413672], [11.535938, 32.47334], [11.533789, 32.524951], [11.453906, 32.642578], [11.45918, 32.897363], [11.50459, 33.181934], [11.657129, 33.118896], [11.813477, 33.093701], [12.279883, 32.858545], [12.427051, 32.829102], [12.753516, 32.801074], [13.138086, 32.897363], [13.283496, 32.914648], [13.536328, 32.824268], [13.647754, 32.798828], [13.835352, 32.791797], [14.155664, 32.709766], [14.237109, 32.68125], [14.423828, 32.550293], [14.513379, 32.511084], [15.176563, 32.391162], [15.266895, 32.31167], [15.359082, 32.159668], [15.363086, 31.971191], [15.496387, 31.656787], [15.595801, 31.531104], [15.705957, 31.426416], [15.832227, 31.360986], [16.123047, 31.264453], [16.450977, 31.227295], [16.781543, 31.214746], [17.349219, 31.081494], [17.830469, 30.927588], [17.949316, 30.851904], [18.19043, 30.777295], [18.669824, 30.415674], [18.936426, 30.29043], [19.12373, 30.266113], [19.291699, 30.288086], [19.589844, 30.41377], [19.713281, 30.488379], [20.013184, 30.800684], [20.111523, 30.963721], [20.150977, 31.078613], [20.141113, 31.195508], [20.103809, 31.300537], [20.02002, 31.410645], [19.96123, 31.556006], [19.926367, 31.817529], [19.973438, 31.999072], [20.030957, 32.107861], [20.121484, 32.21875], [20.370605, 32.430762], [20.621094, 32.580176], [21.062305, 32.775537], [21.31875, 32.777686], [21.424707, 32.79917], [21.635938, 32.937305], [21.721387, 32.94248], [21.839453, 32.908643], [22.187402, 32.918262], [22.340625, 32.879883], [22.523438, 32.793945], [22.754102, 32.740527], [23.090625, 32.61875], [23.129688, 32.448145], [23.10625, 32.331445], [23.286328, 32.213818], [23.797656, 32.158691], [23.898438, 32.127197], [24.038965, 32.037012], [24.129688, 32.009229], [24.479785, 31.996533], [24.683887, 32.015967], [24.878516, 31.984277], [24.950684, 31.953711], [25.025, 31.88335], [25.150488, 31.65498], [24.852734, 31.334814], [24.877539, 31.06123], [24.973926, 30.776562], [24.961426, 30.678516], [24.877539, 30.45752], [24.703223, 30.201074], [24.711621, 30.131543], [24.760962752081397, 30.0], [9.386799280617197, 30.0], [9.310254, 30.115234], [9.637988, 30.282324]]]}}, {"type": "Feature", "properties": {"iso": "LB", "name": "Lebanon"}, "geometry": {"type": "Polygon", "coordinates": [[[35.97627, 34.629199], [36.263574, 34.632861], [36.296289, 34.678711], [36.383887, 34.65791], [36.433008, 34.613477], [36.32627, 34.51333], [36.329883, 34.499609], [36.455566, 34.466162], [36.504395, 34.432373], [36.584961, 34.22124], [36.535156, 34.134326], [36.45752, 34.056836], [36.354883, 34.011328], [36.277832, 33.925293], [36.282227, 33.894189], [36.362793, 33.855127], [36.365039, 33.839355], [36.348535, 33.827051], [36.092188, 33.831592], [36.018848, 33.783936], [35.968457, 33.732422], [35.942383, 33.667578], [35.97168, 33.623096], [36.02666, 33.597949], [36.022266, 33.5625], [35.967578, 33.53457], [35.926563, 33.500293], [35.914746, 33.465381], [35.7875, 33.369775], [35.627246, 33.275049], [35.60293, 33.240625], [35.579297, 33.271484], [35.53252, 33.250488], [35.493164, 33.119482], [35.41123, 33.075684], [35.22334, 33.091992], [35.108594, 33.083691], [35.203516, 33.258984], [35.251367, 33.392627], [35.335742, 33.503467], [35.51084, 33.879736], [35.611816, 34.032178], [35.647852, 34.248242], [35.804297, 34.437402], [35.921387, 34.493311], [35.97793, 34.547412], [35.97627, 34.629199]]]}}, {"type": "Feature", "properties": {"iso": "LV", "name": "Latvia"}, "geometry": {"type": "Polygon", "coordinates": [[[26.593555, 55.667529], [26.401074, 55.703809], [26.28125, 55.750439], [26.085547, 55.896875], [25.663184, 56.104834], [25.585742, 56.130176], [25.069922, 56.200391], [24.943848, 56.325586], [24.903027, 56.398193], [24.841016, 56.411182], [24.699512, 56.381299], [24.529004, 56.296289], [24.473633, 56.284082], [24.120703, 56.264258], [23.812695, 56.329248], [23.195898, 56.367139], [23.119824, 56.330664], [23.042969, 56.324072], [22.968262, 56.38042], [22.875586, 56.396436], [22.773242, 56.377295], [22.586914, 56.375098], [22.08457, 56.406738], [21.653516, 56.314551], [21.046094, 56.070068], [21.014941, 56.258936], [21.031445, 56.636572], [21.071289, 56.82373], [21.257422, 56.932764], [21.350781, 57.017676], [21.405078, 57.131006], [21.421484, 57.23584], [21.45918, 57.322461], [21.728711, 57.570996], [21.942383, 57.597852], [22.55459, 57.724268], [22.648633, 57.595361], [23.037793, 57.39209], [23.136816, 57.323828], [23.287305, 57.089746], [23.647754, 56.971045], [23.931152, 57.008496], [24.28125, 57.172314], [24.382617, 57.250049], [24.403223, 57.325], [24.362988, 57.645312], [24.301563, 57.784131], [24.322559, 57.870605], [24.3625, 57.866162], [24.458887, 57.907861], [24.911328, 58.00459], [25.111035, 58.063428], [25.228711, 57.996582], [25.272656, 58.009375], [25.282617, 58.048486], [25.340039, 58.039453], [25.571289, 57.942773], [25.720898, 57.913818], [25.79375, 57.868555], [25.991113, 57.838184], [26.030371, 57.785547], [26.298047, 57.601074], [26.462109, 57.544482], [26.532617, 57.531006], [26.899805, 57.608789], [26.966016, 57.609131], [27.187109, 57.53833], [27.469727, 57.524023], [27.511133, 57.508154], [27.538672, 57.429785], [27.828613, 57.293311], [27.830273, 57.194482], [27.814551, 57.166895], [27.762793, 57.135107], [27.717383, 57.054639], [27.711133, 56.978076], [27.639453, 56.845654], [27.806055, 56.86709], [27.848633, 56.853418], [27.881543, 56.82417], [27.89209, 56.741064], [27.991602, 56.645312], [28.00752, 56.599854], [28.103125, 56.545703], [28.169238, 56.386865], [28.202051, 56.2604], [28.147949, 56.14292], [28.032031, 56.133301], [27.896289, 56.076172], [27.642285, 55.911719], [27.576758, 55.798779], [27.30918, 55.803906], [27.052539, 55.830566], [26.953027, 55.812939], [26.822461, 55.709229], [26.593555, 55.667529]]]}}, {"type": "Feature", "properties": {"iso": "XK", "name": "Kosovo"}, "geometry": {"type": "Polygon", "coordinates": [[[20.468848, 42.85791], [20.486816, 42.879053], [20.458398, 42.924561], [20.475098, 42.953027], [20.624023, 43.03418], [20.648535, 43.070947], [20.657617, 43.099854], [20.609668, 43.178418], [20.623145, 43.198633], [20.763379, 43.258594], [20.800586, 43.261084], [20.823828, 43.237939], [20.844434, 43.173437], [21.057031, 43.091699], [21.222656, 42.956201], [21.237109, 42.913232], [21.403027, 42.831543], [21.390625, 42.751416], [21.6625, 42.681494], [21.723828, 42.681982], [21.75293, 42.669824], [21.752148, 42.651514], [21.609863, 42.387451], [21.52998, 42.35], [21.518945, 42.328418], [21.5625, 42.24751], [21.389551, 42.219824], [21.331738, 42.187158], [21.286621, 42.100391], [21.256348, 42.099512], [21.14248, 42.175], [21.059766, 42.171289], [20.778125, 42.071045], [20.750391, 42.018359], [20.744141, 41.904297], [20.725, 41.873535], [20.694922, 41.853809], [20.578516, 41.866211], [20.566211, 41.873682], [20.581445, 41.917432], [20.575391, 42.013086], [20.522852, 42.171484], [20.485449, 42.223389], [20.408301, 42.274951], [20.348242, 42.308789], [20.240527, 42.338965], [20.103516, 42.524658], [20.063965, 42.547266], [20.089258, 42.631543], [20.029492, 42.732031], [20.054297, 42.760059], [20.192578, 42.754639], [20.215137, 42.798828], [20.468848, 42.85791]]]}}, {"type": "Feature", "properties": {"iso": "JO", "name": "Jordan"}, "geometry": {"type": "Polygon", "coordinates": [[[35.894727, 32.71377], [35.956445, 32.666699], [36.059473, 32.533789], [36.219727, 32.495117], [36.37207, 32.386914], [36.818359, 32.317285], [38.773535, 33.372217], [39.057813, 32.493164], [38.981641, 32.472559], [39.041406, 32.305664], [39.247461, 32.350977], [39.292773, 32.243848], [38.99707, 32.007471], [38.962305, 31.994922], [36.958594, 31.491504], [37.479004, 31.007764], [37.980078, 30.5], [37.649902, 30.330957], [37.4756018231938, 30.0], [35.07807973039593, 30.0], [35.141602, 30.141699], [35.140625, 30.420898], [35.439258, 31.132422], [35.400684, 31.230518], [35.46543, 31.562354], [35.499414, 31.672363], [35.558984, 31.765527], [35.531445, 31.984912], [35.534766, 32.103027], [35.57207, 32.237891], [35.551465, 32.395508], [35.572852, 32.640869], [35.61123, 32.68208], [35.734473, 32.728906], [35.787305, 32.734912], [35.894727, 32.71377]]]}}, {"type": "Feature", "properties": {"iso": "IT", "name": "Italy"}, "geometry": {"type": "MultiPolygon", "coordinates": [[[[7.021094, 45.925781], [7.129004, 45.88042], [7.32793, 45.912354], [7.538574, 45.978174], [7.787891, 45.921826], [7.993164, 46.015918], [8.125195, 46.160937], [8.127246, 46.187598], [8.081543, 46.256006], [8.095703, 46.271045], [8.231934, 46.341211], [8.370703, 46.445117], [8.422559, 46.446045], [8.442969, 46.402783], [8.438477, 46.282861], [8.458398, 46.245898], [8.641699, 46.110791], [8.818555, 46.077148], [8.826758, 46.061035], [8.778027, 45.996191], [8.885156, 45.918701], [8.904297, 45.861963], [8.953711, 45.830029], [9.02373, 45.845703], [9.04668, 45.875586], [8.998926, 45.983105], [9.003027, 46.014893], [9.022363, 46.051465], [9.203418, 46.219238], [9.251074, 46.286768], [9.260156, 46.475195], [9.304395, 46.495557], [9.427637, 46.482324], [9.481055, 46.348779], [9.528711, 46.306201], [9.639453, 46.295898], [9.884473, 46.367773], [9.939258, 46.361816], [10.041016, 46.238086], [10.080566, 46.227979], [10.145215, 46.253516], [10.109668, 46.362842], [10.081934, 46.420752], [10.045605, 46.4479], [10.038281, 46.483203], [10.087012, 46.599902], [10.195508, 46.621094], [10.272266, 46.564844], [10.430664, 46.550049], [10.438281, 46.618848], [10.397949, 46.665039], [10.406055, 46.734863], [10.452832, 46.864941], [10.689258, 46.846387], [10.759766, 46.793311], [10.828906, 46.775244], [10.993262, 46.777002], [11.025098, 46.796973], [11.133887, 46.936182], [11.244434, 46.975684], [11.527539, 46.997412], [11.775684, 46.986084], [12.169434, 47.082129], [12.20127, 47.060889], [12.130762, 46.984766], [12.154102, 46.935254], [12.388281, 46.702637], [12.479199, 46.67251], [13.16875, 46.572656], [13.490039, 46.555566], [13.7, 46.520264], [13.679688, 46.462891], [13.563281, 46.415088], [13.399512, 46.317529], [13.378223, 46.261621], [13.420996, 46.212305], [13.491797, 46.216602], [13.63252, 46.177051], [13.616602, 46.133105], [13.486426, 46.039551], [13.487695, 45.987109], [13.50918, 45.973779], [13.600586, 45.979785], [13.613965, 45.96167], [13.569629, 45.834131], [13.583398, 45.812354], [13.72168, 45.761279], [13.831152, 45.68042], [13.874707, 45.614844], [13.844727, 45.592871], [13.719824, 45.587598], [13.783301, 45.627246], [13.62832, 45.770947], [13.558203, 45.770703], [13.465137, 45.709961], [13.206348, 45.771387], [13.156738, 45.746582], [13.120117, 45.6979], [13.030273, 45.6375], [12.903027, 45.610791], [12.76123, 45.544287], [12.497559, 45.46167], [12.432129, 45.46792], [12.536133, 45.544922], [12.491797, 45.546289], [12.274316, 45.446045], [12.225684, 45.241504], [12.286328, 45.207715], [12.39248, 45.039795], [12.523438, 44.967969], [12.463574, 44.845215], [12.384473, 44.79834], [12.319043, 44.833105], [12.278906, 44.832227], [12.24834, 44.72251], [12.30498, 44.429443], [12.396289, 44.223877], [12.486816, 44.134229], [12.691113, 43.994727], [12.907031, 43.921191], [13.295313, 43.686084], [13.508203, 43.61167], [13.56416, 43.571289], [13.693262, 43.389893], [13.804688, 43.180371], [13.924902, 42.851562], [14.010449, 42.689551], [14.182715, 42.506445], [14.540723, 42.244287], [14.866113, 42.052539], [15.16875, 41.934033], [15.40498, 41.913232], [15.964063, 41.939453], [16.164648, 41.896191], [16.18916, 41.814014], [16.15127, 41.758496], [15.91377, 41.62085], [15.900488, 41.512061], [16.012598, 41.4354], [16.551855, 41.232031], [17.103418, 41.062158], [17.275195, 40.975439], [17.474219, 40.840576], [17.95498, 40.655176], [18.036133, 40.564941], [18.328223, 40.37085], [18.460645, 40.221045], [18.48584, 40.104834], [18.393457, 39.903613], [18.34375, 39.821387], [18.219336, 39.852539], [18.07793, 39.936963], [17.865039, 40.280176], [17.476172, 40.314941], [17.395801, 40.340234], [17.257715, 40.399072], [17.215332, 40.486426], [17.17998, 40.502783], [17.03125, 40.513477], [16.928223, 40.458057], [16.807031, 40.326465], [16.669629, 40.137207], [16.52998, 39.859668], [16.521875, 39.747559], [16.597754, 39.638916], [16.824316, 39.57832], [16.999219, 39.481592], [17.114551, 39.380615], [17.122949, 39.136572], [17.174609, 38.998096], [17.098535, 38.919336], [16.951465, 38.939795], [16.755469, 38.889697], [16.616699, 38.800146], [16.558984, 38.714795], [16.574219, 38.493555], [16.545605, 38.409082], [16.282422, 38.249561], [16.144141, 38.086377], [16.056836, 37.941846], [15.724512, 37.939111], [15.645801, 38.034229], [15.643066, 38.175391], [15.700195, 38.262305], [15.822363, 38.302979], [15.904785, 38.483496], [15.878906, 38.613916], [15.926953, 38.671729], [15.972363, 38.712598], [16.196777, 38.759229], [16.209961, 38.941113], [16.107422, 39.023828], [16.023633, 39.353613], [15.854395, 39.626514], [15.763672, 39.870068], [15.692773, 39.990186], [15.585156, 40.052832], [15.390918, 40.052148], [15.294531, 40.07002], [14.950879, 40.239014], [14.926953, 40.264746], [14.929102, 40.30957], [14.986133, 40.37749], [14.947656, 40.469336], [14.906934, 40.556055], [14.839551, 40.62998], [14.765723, 40.668408], [14.556934, 40.626416], [14.459375, 40.632715], [14.382715, 40.599854], [14.339941, 40.598828], [14.460547, 40.728711], [14.428125, 40.759326], [14.308887, 40.812646], [14.102344, 40.827148], [14.075879, 40.793945], [14.044336, 40.812256], [14.047656, 40.870312], [13.859766, 41.12998], [13.733398, 41.235645], [13.669727, 41.254492], [13.554785, 41.232178], [13.361914, 41.278516], [13.246875, 41.288867], [13.088672, 41.243848], [13.041016, 41.266211], [13.024219, 41.300928], [12.849219, 41.40874], [12.630859, 41.469678], [12.205664, 41.812646], [12.075293, 41.940869], [11.807031, 42.082031], [11.637305, 42.287549], [11.498438, 42.362939], [11.296289, 42.423291], [11.141211, 42.389893], [11.103223, 42.416602], [11.184766, 42.456592], [11.167773, 42.535156], [10.937793, 42.738721], [10.803125, 42.804297], [10.708398, 42.936328], [10.644629, 42.957178], [10.514844, 42.967529], [10.532324, 43.140137], [10.520801, 43.203809], [10.447559, 43.371191], [10.320508, 43.513086], [10.245801, 43.8521], [10.188086, 43.94751], [10.047656, 44.019971], [9.730859, 44.101172], [9.289355, 44.319238], [9.195996, 44.322998], [8.930371, 44.407764], [8.76582, 44.422314], [8.551953, 44.346143], [8.292383, 44.136523], [8.081641, 43.918945], [8.00498, 43.876758], [7.733301, 43.802588], [7.493164, 43.767139], [7.482031, 43.864893], [7.651465, 44.033643], [7.677148, 44.083154], [7.637207, 44.164844], [7.370898, 44.127393], [7.318555, 44.137988], [6.967285, 44.280029], [6.900195, 44.335742], [6.874805, 44.392041], [6.893848, 44.428174], [6.842969, 44.510693], [6.960352, 44.677148], [7.00791, 44.688965], [7.030664, 44.716699], [6.992676, 44.827295], [6.939844, 44.85874], [6.801074, 44.883154], [6.738184, 44.921387], [6.691406, 45.022607], [6.634766, 45.068164], [6.627734, 45.117969], [6.692285, 45.144287], [6.842285, 45.135645], [6.98125, 45.215576], [7.07832, 45.239941], [7.116797, 45.349023], [7.153418, 45.400928], [7.013672, 45.500488], [6.881445, 45.670361], [6.80625, 45.71001], [6.78916, 45.780078], [6.804492, 45.814551], [6.94082, 45.868359], [7.021094, 45.925781]], [[12.43916, 41.898389], [12.430566, 41.905469], [12.427539, 41.900732], [12.43916, 41.898389]], [[12.514648, 43.952979], [12.503711, 43.989746], [12.441113, 43.982422], [12.396875, 43.93457], [12.426367, 43.894092], [12.485254, 43.901416], [12.514648, 43.952979]]], [[[10.395117, 42.858154], [10.432227, 42.796582], [10.409961, 42.770996], [10.419336, 42.713184], [10.335645, 42.761133], [10.208984, 42.736914], [10.13125, 42.742041], [10.109766, 42.785059], [10.127539, 42.810303], [10.358984, 42.822314], [10.395117, 42.858154]]], [[[13.893652, 40.696973], [13.853516, 40.724072], [13.871191, 40.761816], [13.962109, 40.739404], [13.96084, 40.718164], [13.893652, 40.696973]]], [[[12.00332, 36.745996], [11.940625, 36.780371], [11.948047, 36.843066], [12.024219, 36.820947], [12.05127, 36.757031], [12.00332, 36.745996]]], [[[15.508887, 38.106641], [15.234473, 37.784814], [15.164844, 37.589551], [15.099512, 37.458594], [15.116992, 37.334717], [15.230273, 37.244336], [15.174121, 37.20918], [15.288672, 37.096924], [15.295703, 37.055176], [15.294531, 37.013281], [15.185156, 36.934814], [15.11582, 36.839258], [15.104297, 36.785254], [15.112598, 36.687842], [15.002441, 36.693896], [14.889648, 36.723535], [14.775977, 36.7104], [14.501855, 36.798682], [14.367285, 36.972852], [14.259082, 37.046436], [14.142969, 37.103662], [13.905469, 37.100635], [13.800586, 37.135889], [13.587109, 37.25415], [13.360938, 37.34873], [13.169922, 37.479297], [13.040332, 37.506543], [12.924121, 37.570508], [12.699023, 37.571826], [12.640234, 37.594336], [12.526758, 37.669531], [12.435547, 37.819775], [12.547656, 38.05293], [12.664355, 38.10791], [12.734375, 38.183057], [12.850684, 38.063721], [12.902734, 38.034863], [12.955469, 38.041309], [13.049023, 38.084082], [13.056836, 38.130908], [13.159961, 38.190332], [13.291113, 38.191455], [13.35166, 38.180518], [13.383496, 38.126807], [13.491309, 38.103125], [13.681543, 38.000732], [13.788867, 37.981201], [14.05, 38.040527], [14.287695, 38.016846], [14.505957, 38.045508], [14.636719, 38.085059], [14.737207, 38.150781], [14.789648, 38.166992], [15.11875, 38.152734], [15.176074, 38.168066], [15.224023, 38.211035], [15.27959, 38.230371], [15.340723, 38.217334], [15.49873, 38.290869], [15.568359, 38.295898], [15.634668, 38.267578], [15.576563, 38.220312], [15.508887, 38.106641]]], [[[9.682031, 40.818115], [9.794336, 40.556201], [9.805273, 40.499561], [9.754199, 40.400293], [9.642969, 40.268408], [9.659473, 40.159229], [9.700781, 40.091797], [9.706738, 40.017041], [9.616992, 39.354395], [9.5625, 39.166016], [9.486328, 39.139551], [9.26416, 39.216797], [9.149316, 39.196973], [9.056348, 39.23916], [9.022656, 39.043262], [8.966602, 38.963721], [8.881348, 38.912891], [8.648535, 38.926562], [8.59541, 38.964307], [8.418164, 39.205713], [8.399121, 39.481592], [8.44707, 39.562793], [8.461035, 39.647705], [8.451172, 39.72168], [8.471094, 39.748096], [8.510742, 39.72168], [8.540527, 39.731592], [8.547754, 39.839209], [8.495898, 39.897461], [8.407813, 39.917236], [8.408594, 40.037646], [8.455078, 40.077588], [8.470801, 40.130713], [8.471289, 40.292676], [8.40918, 40.352344], [8.353223, 40.500537], [8.189941, 40.651611], [8.180859, 40.771045], [8.224219, 40.91333], [8.310156, 40.85752], [8.363281, 40.846338], [8.468457, 40.834326], [8.571875, 40.850195], [8.821191, 40.949902], [8.998145, 41.110352], [9.107227, 41.14292], [9.163086, 41.185156], [9.182129, 41.242188], [9.228418, 41.25708], [9.283008, 41.20166], [9.350781, 41.195898], [9.455176, 41.150146], [9.53877, 41.053662], [9.615332, 41.017285], [9.621191, 41.004883], [9.589746, 40.99248], [9.553711, 40.932129], [9.632031, 40.882031], [9.682031, 40.818115]]], [[[8.421484, 38.968652], [8.360938, 39.038672], [8.366797, 39.115918], [8.478906, 39.067529], [8.421484, 38.968652]]], [[[8.252734, 40.994141], [8.205664, 40.997461], [8.267383, 41.099121], [8.320215, 41.121875], [8.34375, 41.101611], [8.252734, 40.994141]]]]}}, {"type": "Feature", "properties": {"iso": "IL", "name": "Israel"}, "geometry": {"type": "Polygon", "coordinates": [[[35.840723, 33.415674], [35.792531, 33.334107], [35.785024, 33.291089], [35.808618, 33.208577], [35.826849, 33.195117], [35.833283, 33.163702], [35.817197, 33.133173], [35.84508, 33.084665], [35.859022, 32.989367], [35.887977, 32.944379], [35.841863, 32.875954], [35.833283, 32.820094], [35.787305, 32.734912], [35.61123, 32.68208], [35.572852, 32.640869], [35.551465, 32.395508], [35.484375, 32.40166], [35.402637, 32.450635], [35.386719, 32.493018], [35.362109, 32.507471], [35.193262, 32.534424], [35.065039, 32.460449], [35.010547, 32.338184], [34.955957, 32.160937], [34.989746, 31.913281], [34.97832, 31.866406], [34.953809, 31.84126], [34.983008, 31.816797], [35.053223, 31.837939], [35.127148, 31.816748], [35.198047, 31.776318], [35.203711, 31.75], [35.034668, 31.673242], [34.950977, 31.602295], [34.872754, 31.396875], [34.880469, 31.368164], [34.907813, 31.351318], [35.101172, 31.366211], [35.408691, 31.48291], [35.450586, 31.479297], [35.400684, 31.230518], [35.439258, 31.132422], [35.140625, 30.420898], [35.141602, 30.141699], [35.07807973039593, 30.0], [34.728498149357286, 30.0], [34.658594, 30.191455], [34.529688, 30.446045], [34.489941, 30.596289], [34.245313, 31.208301], [34.34834, 31.29292], [34.350195, 31.362744], [34.525586, 31.525635], [34.477344, 31.584863], [34.678418, 31.895703], [34.803809, 32.196338], [34.921875, 32.614062], [35.077051, 32.967187], [35.108594, 33.083691], [35.22334, 33.091992], [35.41123, 33.075684], [35.493164, 33.119482], [35.53252, 33.250488], [35.579297, 33.271484], [35.60293, 33.240625], [35.627246, 33.275049], [35.734473, 33.332617], [35.840723, 33.415674]]]}}, {"type": "Feature", "properties": {"iso": "PS", "name": "Palestine"}, "geometry": {"type": "MultiPolygon", "coordinates": [[[[34.477344, 31.584863], [34.525586, 31.525635], [34.350195, 31.362744], [34.34834, 31.29292], [34.245313, 31.208301], [34.198145, 31.322607], [34.387305, 31.483789], [34.477344, 31.584863]]], [[[35.57207, 32.237891], [35.534766, 32.103027], [35.531445, 31.984912], [35.558984, 31.765527], [35.499414, 31.672363], [35.450586, 31.479297], [35.408691, 31.48291], [35.101172, 31.366211], [34.907813, 31.351318], [34.880469, 31.368164], [34.872754, 31.396875], [34.950977, 31.602295], [35.034668, 31.673242], [35.203711, 31.75], [35.198047, 31.776318], [35.127148, 31.816748], [35.053223, 31.837939], [34.983008, 31.816797], [34.953809, 31.84126], [34.97832, 31.866406], [34.989746, 31.913281], [34.955957, 32.160937], [35.065039, 32.460449], [35.193262, 32.534424], [35.362109, 32.507471], [35.386719, 32.493018], [35.402637, 32.450635], [35.484375, 32.40166], [35.551465, 32.395508], [35.57207, 32.237891]]]]}}, {"type": "Feature", "properties": {"iso": "IE", "name": "Ireland"}, "geometry": {"type": "MultiPolygon", "coordinates": [[[[-9.952441, 53.88457], [-10.026514, 53.920557], [-10.0625, 53.959717], [-10.265723, 53.977686], [-10.181055, 54.016846], [-9.996387, 54.003613], [-9.956152, 53.987207], [-9.952441, 53.88457]]], [[[-7.376904, 55.027686], [-7.401416, 55.00332], [-7.45127, 54.8771], [-7.550391, 54.767969], [-7.7375, 54.710449], [-7.872949, 54.717871], [-7.910596, 54.69834], [-7.886133, 54.666064], [-7.746289, 54.61582], [-7.754395, 54.594922], [-7.793799, 54.57124], [-8.044336, 54.512451], [-8.144824, 54.453516], [-8.118262, 54.414258], [-7.884473, 54.283789], [-7.854932, 54.215283], [-7.67876, 54.18667], [-7.606543, 54.143848], [-7.409424, 54.137305], [-7.355176, 54.12124], [-7.324512, 54.133447], [-7.155469, 54.239502], [-7.202588, 54.301807], [-7.049707, 54.408252], [-7.007715, 54.406689], [-6.877246, 54.329102], [-6.85835, 54.268652], [-6.802588, 54.214355], [-6.766602, 54.195605], [-6.669531, 54.184717], [-6.646875, 54.163428], [-6.664209, 54.084766], [-6.649805, 54.058643], [-6.402588, 54.060645], [-6.303662, 54.094873], [-6.218018, 54.088721], [-6.175732, 54.053516], [-6.156934, 54.017236], [-6.230664, 54.003613], [-6.307617, 54.011035], [-6.345166, 53.987207], [-6.347607, 53.941309], [-6.321582, 53.882178], [-6.270117, 53.840234], [-6.194873, 53.640869], [-6.141846, 53.577539], [-6.129102, 53.390869], [-6.15166, 53.366406], [-6.04502, 53.091162], [-6.027393, 52.9271], [-6.130664, 52.807275], [-6.169336, 52.738135], [-6.199219, 52.663477], [-6.217236, 52.543115], [-6.34541, 52.402002], [-6.463184, 52.345361], [-6.325, 52.24668], [-6.437939, 52.202686], [-6.561084, 52.188818], [-6.697314, 52.213525], [-6.782227, 52.210498], [-6.890234, 52.159229], [-6.914648, 52.168555], [-6.965771, 52.249512], [-7.003271, 52.165918], [-7.081787, 52.139307], [-7.216211, 52.144971], [-7.440869, 52.122705], [-7.527295, 52.098877], [-7.624902, 51.993115], [-7.872168, 51.935303], [-7.95249, 51.865771], [-8.057812, 51.825586], [-8.14502, 51.813525], [-8.290234, 51.890674], [-8.40918, 51.88877], [-8.371631, 51.87627], [-8.347363, 51.847705], [-8.335596, 51.792969], [-8.349121, 51.739307], [-8.407812, 51.712061], [-8.477832, 51.707031], [-8.588281, 51.651367], [-8.734473, 51.636182], [-8.813428, 51.584912], [-9.296484, 51.498242], [-9.462891, 51.529053], [-9.737305, 51.47373], [-9.835352, 51.48335], [-9.710352, 51.603711], [-9.524902, 51.681104], [-9.579834, 51.689258], [-10.120752, 51.600684], [-10.069434, 51.655566], [-9.802881, 51.780127], [-9.749512, 51.824268], [-9.598828, 51.874414], [-10.084229, 51.770996], [-10.211719, 51.783594], [-10.241748, 51.812451], [-10.341064, 51.798926], [-10.378711, 51.86875], [-10.231592, 51.974512], [-10.14585, 52.02002], [-9.946045, 52.079834], [-9.909668, 52.122949], [-9.955811, 52.13667], [-10.390234, 52.134912], [-10.356689, 52.206934], [-10.210938, 52.27168], [-10.13208, 52.28208], [-9.937305, 52.237646], [-9.772119, 52.250098], [-9.841064, 52.291455], [-9.853223, 52.375488], [-9.906055, 52.403711], [-9.761133, 52.466357], [-9.632227, 52.546924], [-9.056152, 52.621143], [-8.783447, 52.679639], [-8.923291, 52.712305], [-8.990283, 52.75542], [-9.0979, 52.668262], [-9.175391, 52.634912], [-9.394238, 52.61709], [-9.561035, 52.653955], [-9.764355, 52.57998], [-9.916602, 52.569727], [-9.7396, 52.648193], [-9.464893, 52.823193], [-9.393652, 52.89624], [-9.415723, 52.92876], [-9.461963, 52.947266], [-9.299219, 53.097559], [-9.241895, 53.124854], [-9.137598, 53.129248], [-8.997168, 53.162061], [-8.930127, 53.20708], [-9.140332, 53.250488], [-9.514209, 53.238232], [-9.581738, 53.271973], [-9.601758, 53.323047], [-9.625977, 53.334473], [-9.825391, 53.320361], [-9.875781, 53.342725], [-9.79541, 53.394971], [-9.899023, 53.407275], [-10.003906, 53.397021], [-10.09126, 53.412842], [-10.093994, 53.445605], [-10.054395, 53.47832], [-10.10625, 53.509326], [-10.116992, 53.548535], [-10.061719, 53.567822], [-10.001367, 53.561426], [-9.878271, 53.59043], [-9.720654, 53.604492], [-9.909717, 53.657617], [-9.901611, 53.727197], [-9.745068, 53.781494], [-9.578223, 53.80542], [-9.590527, 53.841162], [-9.578857, 53.879834], [-9.74751, 53.891016], [-9.914062, 53.863721], [-9.89624, 53.937598], [-9.856348, 54.004297], [-9.856445, 54.095361], [-9.934473, 54.075244], [-9.943604, 54.141602], [-9.9771, 54.187109], [-10.092676, 54.155762], [-10.089697, 54.21582], [-10.056396, 54.257812], [-9.995947, 54.276025], [-9.824561, 54.268896], [-9.717139, 54.300439], [-9.562305, 54.308545], [-9.315527, 54.298633], [-9.145898, 54.209619], [-9.002441, 54.287988], [-8.746777, 54.263477], [-8.588037, 54.231104], [-8.545557, 54.241211], [-8.568457, 54.303613], [-8.623145, 54.346875], [-8.554443, 54.403564], [-8.470996, 54.441943], [-8.230371, 54.507275], [-8.192969, 54.580127], [-8.133447, 54.64082], [-8.456543, 54.609277], [-8.763916, 54.681201], [-8.715186, 54.732031], [-8.538281, 54.782959], [-8.527686, 54.809473], [-8.377295, 54.889453], [-8.411719, 54.965088], [-8.393262, 55.02041], [-8.325781, 55.056445], [-8.274609, 55.146289], [-8.137695, 55.159912], [-8.006104, 55.195312], [-7.803174, 55.200049], [-7.750537, 55.185791], [-7.762549, 55.24834], [-7.66709, 55.256494], [-7.629785, 55.243994], [-7.613379, 55.199658], [-7.57002, 55.171387], [-7.556641, 55.122217], [-7.634277, 55.05498], [-7.589844, 55.025049], [-7.65874, 54.970947], [-7.478418, 55.046973], [-7.501953, 55.144727], [-7.531445, 55.193848], [-7.517871, 55.247949], [-7.458301, 55.281787], [-7.301758, 55.298779], [-7.365967, 55.360205], [-7.24668, 55.353027], [-7.155322, 55.305176], [-6.96167, 55.237891], [-7.056396, 55.17832], [-7.172852, 55.137012], [-7.218652, 55.091992], [-7.376904, 55.027686]]]]}}, {"type": "Feature", "properties": {"iso": "IQ", "name": "Iraq"}, "geometry": {"type": "Polygon", "coordinates": [[[42.455859, 37.128711], [42.635449, 37.249268], [42.741113, 37.361914], [42.774609, 37.371875], [42.936621, 37.324756], [43.09248, 37.367383], [43.51582, 37.244531], [43.675781, 37.227246], [43.836426, 37.223535], [44.013184, 37.313525], [44.114453, 37.301855], [44.191797, 37.249854], [44.208398, 37.202637], [44.20166, 37.051807], [44.245703, 36.983301], [44.281836, 36.978027], [44.605957, 37.176025], [44.730957, 37.165283], [44.765137, 37.142432], [44.798438, 37.063867], [44.880859, 36.799316], [45.019238, 36.698389], [45.033984, 36.658887], [45.031055, 36.526074], [45.053125, 36.471631], [45.112402, 36.409277], [45.206543, 36.397168], [45.241113, 36.355957], [45.361621, 36.015332], [45.483789, 36.008545], [45.561621, 35.977197], [45.64502, 35.928369], [45.723438, 35.83667], [45.776367, 35.821826], [46.0, 35.83155298202359], [46.0, 35.615747376480584], [45.971094, 35.52417], [45.975391, 35.476807], [46.0, 35.440507084586145], [46.0, 35.062316191234004], [45.920898, 35.028516], [45.678125, 34.798437], [45.660059, 34.748779], [45.661523, 34.612695], [45.6375, 34.573828], [45.500781, 34.581592], [45.497754, 34.533887], [45.437598, 34.415137], [45.526855, 34.284668], [45.542773, 34.215527], [45.528613, 34.152539], [45.39707, 33.97085], [45.473242, 33.925488], [45.738281, 33.602832], [45.822852, 33.624805], [45.879395, 33.609766], [45.894727, 33.545654], [45.873242, 33.491992], [45.981055, 33.470117], [46.0, 33.44360365114365], [46.0, 30.0], [43.559914044853365, 30.0], [42.857715, 30.495215], [42.074414, 31.080371], [40.369336, 31.938965], [39.14541, 32.124512], [39.292773, 32.243848], [39.247461, 32.350977], [39.041406, 32.305664], [38.981641, 32.472559], [39.057813, 32.493164], [38.773535, 33.372217], [40.689453, 34.332031], [40.935059, 34.386572], [40.987012, 34.429053], [41.194727, 34.768994], [41.216406, 35.288184], [41.24834, 35.42749], [41.354102, 35.64043], [41.352637, 35.809961], [41.245605, 36.073389], [41.261816, 36.272461], [41.295996, 36.38335], [41.354199, 36.464404], [41.416797, 36.514648], [41.788574, 36.597168], [42.083984, 36.826025], [42.350098, 37.060596], [42.358984, 37.108594], [42.455859, 37.128711]]]}}, {"type": "Feature", "properties": {"iso": "IR", "name": "Iran"}, "geometry": {"type": "MultiPolygon", "coordinates": [[[[45.981055, 33.470117], [45.873242, 33.491992], [45.894727, 33.545654], [45.879395, 33.609766], [45.822852, 33.624805], [45.738281, 33.602832], [45.473242, 33.925488], [45.39707, 33.97085], [45.528613, 34.152539], [45.542773, 34.215527], [45.526855, 34.284668], [45.437598, 34.415137], [45.497754, 34.533887], [45.500781, 34.581592], [45.6375, 34.573828], [45.661523, 34.612695], [45.660059, 34.748779], [45.678125, 34.798437], [45.920898, 35.028516], [46.0, 35.062316191234004], [46.0, 33.44360365114365], [45.981055, 33.470117]]], [[[45.975391, 35.476807], [45.971094, 35.52417], [46.0, 35.615747376480584], [46.0, 35.440507084586145], [45.975391, 35.476807]]], [[[46.0, 35.83155298202359], [45.776367, 35.821826], [45.723438, 35.83667], [45.64502, 35.928369], [45.561621, 35.977197], [45.483789, 36.008545], [45.361621, 36.015332], [45.241113, 36.355957], [45.206543, 36.397168], [45.112402, 36.409277], [45.083789, 36.430029], [45.031055, 36.526074], [45.033984, 36.658887], [45.019238, 36.698389], [44.880859, 36.799316], [44.76543, 37.13501], [44.758301, 37.21709], [44.796777, 37.269775], [44.794141, 37.290381], [44.715137, 37.357129], [44.574023, 37.4354], [44.577148, 37.560205], [44.545313, 37.658154], [44.589941, 37.710352], [44.56123, 37.744629], [44.33623, 37.871777], [44.222949, 37.880176], [44.211328, 37.908057], [44.267969, 38.038818], [44.348926, 38.146484], [44.380859, 38.25459], [44.449609, 38.317773], [44.449902, 38.334229], [44.430859, 38.356787], [44.298535, 38.386279], [44.297852, 38.557812], [44.257031, 38.700635], [44.27168, 38.836035], [44.170801, 38.934375], [44.144531, 38.994385], [44.171875, 39.05625], [44.178027, 39.144824], [44.079102, 39.218311], [44.05752, 39.31084], [44.023242, 39.377441], [44.124023, 39.405225], [44.335449, 39.396045], [44.389355, 39.422119], [44.455957, 39.666748], [44.516699, 39.73125], [44.587109, 39.768555], [44.782129, 39.651074], [44.817188, 39.650439], [45.000195, 39.423535], [45.07168, 39.362891], [45.141211, 39.254297], [45.335547, 39.13916], [45.479688, 39.00625], [45.575, 38.972803], [46.0, 38.8956880853732], [46.0, 35.83155298202359]]]]}}, {"type": "Feature", "properties": {"iso": "HU", "name": "Hungary"}, "geometry": {"type": "Polygon", "coordinates": [[[21.766992, 48.338086], [22.253711, 48.407373], [22.316699, 48.286621], [22.350195, 48.256055], [22.520117, 48.205371], [22.582422, 48.134033], [22.676367, 48.104395], [22.769141, 48.109619], [22.857227, 48.029541], [22.846484, 47.99707], [22.856055, 47.960303], [22.87666, 47.947266], [22.676758, 47.799023], [22.608398, 47.766309], [22.491406, 47.772559], [22.290625, 47.727832], [22.111914, 47.572021], [22.037988, 47.536621], [21.999707, 47.505029], [21.995313, 47.395703], [21.869336, 47.30459], [21.785449, 47.138135], [21.661426, 47.043896], [21.652637, 46.96377], [21.494434, 46.789746], [21.477051, 46.753369], [21.49707, 46.704297], [21.320215, 46.607812], [21.294531, 46.572461], [21.252246, 46.486377], [21.264551, 46.412305], [21.191797, 46.391553], [21.151953, 46.304346], [21.039844, 46.242236], [20.837012, 46.259717], [20.760254, 46.24624], [20.707422, 46.172803], [20.613672, 46.133496], [20.508105, 46.166943], [20.280957, 46.133008], [20.241797, 46.108594], [20.161426, 46.141895], [19.934082, 46.161475], [19.844434, 46.145898], [19.613477, 46.169189], [19.530762, 46.155176], [19.421289, 46.064453], [19.278125, 46.002881], [19.146289, 45.987012], [19.087305, 46.016162], [19.015723, 45.959717], [18.927832, 45.931396], [18.721777, 45.899365], [18.666016, 45.907471], [18.564648, 45.813281], [18.437305, 45.767334], [18.358301, 45.753027], [17.807129, 45.79043], [17.639648, 45.868359], [17.607031, 45.91377], [17.529199, 45.941309], [17.406348, 45.951074], [17.310645, 45.996143], [17.242188, 46.076611], [17.149609, 46.140332], [17.032715, 46.187305], [16.939941, 46.253662], [16.871484, 46.339307], [16.748047, 46.416406], [16.516211, 46.499902], [16.38125, 46.638672], [16.38457, 46.680811], [16.335449, 46.721631], [16.308496, 46.827979], [16.283594, 46.857275], [16.093066, 46.863281], [16.252539, 46.971924], [16.331836, 47.002197], [16.453418, 47.006787], [16.492676, 47.122656], [16.482813, 47.140381], [16.438379, 47.145898], [16.416895, 47.223437], [16.462598, 47.273145], [16.434375, 47.367432], [16.442871, 47.399512], [16.514746, 47.404541], [16.623047, 47.447559], [16.676563, 47.536035], [16.639746, 47.608887], [16.432129, 47.656299], [16.421289, 47.674463], [16.550977, 47.747363], [16.590918, 47.750537], [16.785938, 47.678662], [16.823047, 47.693994], [17.066602, 47.707568], [17.030078, 47.837109], [17.039941, 47.872949], [17.077734, 47.900879], [17.089063, 47.963623], [17.147363, 48.005957], [17.317285, 47.990918], [17.635254, 47.809912], [17.761914, 47.770166], [18.145605, 47.763428], [18.724219, 47.787158], [18.778027, 47.852881], [18.74834, 47.892676], [18.750098, 47.939453], [18.791895, 48.000293], [18.91416, 48.05083], [19.265137, 48.073047], [19.466992, 48.110693], [19.497461, 48.162109], [19.564258, 48.212842], [19.625391, 48.223096], [19.898633, 48.131348], [19.950391, 48.146631], [20.333789, 48.295557], [20.490039, 48.526904], [20.643164, 48.549707], [20.866602, 48.545654], [21.067285, 48.505908], [21.196387, 48.510596], [21.382422, 48.553467], [21.451367, 48.552246], [21.563184, 48.495703], [21.674609, 48.378369], [21.721484, 48.346582], [21.766992, 48.338086]]]}}, {"type": "Feature", "properties": {"iso": "GR", "name": "Greece"}, "geometry": {"type": "MultiPolygon", "coordinates": [[[[27.838281, 36.537988], [27.788086, 36.583691], [27.785742, 36.60752], [27.8625, 36.641162], [27.869043, 36.582666], [27.838281, 36.537988]]], [[[20.624707, 38.267871], [20.695215, 38.246191], [20.788867, 38.14209], [20.780762, 38.088818], [20.761328, 38.070557], [20.606152, 38.119727], [20.568945, 38.097656], [20.523535, 38.106641], [20.49873, 38.184375], [20.452148, 38.23418], [20.391016, 38.188428], [20.352539, 38.179883], [20.352246, 38.221729], [20.408691, 38.336768], [20.435059, 38.356201], [20.481445, 38.318213], [20.519629, 38.332324], [20.563184, 38.474951], [20.612305, 38.38335], [20.624707, 38.267871]]], [[[20.993945, 37.708008], [20.909082, 37.732129], [20.818555, 37.664746], [20.703809, 37.743457], [20.619531, 37.855029], [20.691504, 37.929541], [20.758691, 37.852979], [20.839844, 37.840723], [20.993945, 37.708008]]], [[[20.686719, 38.608691], [20.583984, 38.601709], [20.554688, 38.582568], [20.55791, 38.661865], [20.59248, 38.760156], [20.634668, 38.817578], [20.694141, 38.844238], [20.719629, 38.79917], [20.714844, 38.63833], [20.686719, 38.608691]]], [[[20.709277, 38.318604], [20.646387, 38.414307], [20.623633, 38.480322], [20.674805, 38.476318], [20.70127, 38.451416], [20.711621, 38.398633], [20.758691, 38.329443], [20.709277, 38.318604]]], [[[20.099609, 39.376611], [19.975, 39.411426], [19.883984, 39.461523], [19.808887, 39.585303], [19.648926, 39.726172], [19.646484, 39.76709], [19.707324, 39.798096], [19.838574, 39.820117], [19.926074, 39.77373], [19.936816, 39.746729], [19.84668, 39.668115], [19.904102, 39.619482], [19.927344, 39.505908], [19.955273, 39.47041], [20.07793, 39.432715], [20.099609, 39.376611]]], [[[23.471973, 38.850098], [23.525, 38.813477], [23.878223, 38.686572], [24.099023, 38.670996], [24.199707, 38.541016], [24.211035, 38.504248], [24.1875, 38.463428], [24.220117, 38.338623], [24.275781, 38.22002], [24.359668, 38.1625], [24.563281, 38.14751], [24.588379, 38.123975], [24.578516, 38.020166], [24.536523, 37.979736], [24.502344, 37.969922], [24.416504, 38.016553], [24.359473, 38.018555], [24.317773, 38.060352], [24.212012, 38.117529], [24.192578, 38.15166], [24.189063, 38.204297], [24.144141, 38.243066], [24.102832, 38.316846], [24.063574, 38.337207], [24.040137, 38.38999], [23.758789, 38.401221], [23.650781, 38.443066], [23.617383, 38.552539], [23.505273, 38.612939], [23.364063, 38.73501], [23.252148, 38.801221], [23.029102, 38.873389], [22.935742, 38.839648], [22.881348, 38.847656], [22.870313, 38.870508], [23.145801, 39.002686], [23.312695, 39.034912], [23.41543, 38.958643], [23.471973, 38.850098]]], [[[23.735156, 39.080566], [23.666113, 39.095361], [23.593945, 39.208594], [23.779785, 39.114404], [23.735156, 39.080566]]], [[[23.841211, 39.146582], [23.888086, 39.226367], [23.970898, 39.267725], [23.939746, 39.200537], [23.887988, 39.158301], [23.841211, 39.146582]]], [[[24.674707, 38.809229], [24.541016, 38.788672], [24.566406, 38.832373], [24.461035, 38.888623], [24.485645, 38.980273], [24.564063, 38.942236], [24.58125, 38.878857], [24.674707, 38.809229]]], [[[24.645898, 40.579443], [24.515527, 40.647021], [24.516699, 40.687207], [24.62334, 40.79292], [24.719141, 40.786279], [24.786328, 40.703857], [24.768652, 40.658887], [24.774219, 40.615186], [24.645898, 40.579443]]], [[[23.511426, 37.901172], [23.435254, 37.911475], [23.419336, 37.93125], [23.462207, 37.980371], [23.515527, 37.986035], [23.550977, 37.925879], [23.511426, 37.901172]]], [[[23.042188, 36.146387], [22.939453, 36.176221], [22.91084, 36.220996], [22.905664, 36.320312], [22.950488, 36.383936], [23.09707, 36.246582], [23.053809, 36.189795], [23.042188, 36.146387]]], [[[27.137891, 35.409082], [27.099121, 35.456445], [27.11582, 35.511133], [27.070703, 35.597754], [27.156055, 35.72627], [27.158008, 35.788672], [27.223145, 35.820459], [27.207031, 35.714453], [27.157227, 35.629492], [27.208887, 35.558936], [27.233594, 35.478564], [27.176074, 35.465283], [27.137891, 35.409082]]], [[[26.919922, 36.945215], [26.937695, 37.024609], [26.888672, 37.087256], [27.040137, 37.001562], [27.019727, 36.959033], [26.919922, 36.945215]]], [[[26.918359, 36.725928], [26.955566, 36.774219], [27.061133, 36.840381], [27.214941, 36.898633], [27.265625, 36.905127], [27.352148, 36.868896], [27.193164, 36.809131], [27.150977, 36.777588], [27.033594, 36.770752], [26.949609, 36.7271], [26.918359, 36.725928]]], [[[25.456738, 36.929688], [25.395898, 36.984375], [25.361914, 37.07041], [25.525293, 37.196387], [25.564355, 37.185107], [25.587891, 37.152539], [25.584277, 37.039307], [25.545898, 36.967578], [25.456738, 36.929688]]], [[[25.199414, 36.991309], [25.133301, 36.999658], [25.105469, 37.034961], [25.146484, 37.107422], [25.235059, 37.148535], [25.275293, 37.137842], [25.278906, 37.068408], [25.199414, 36.991309]]], [[[25.435938, 36.340088], [25.370508, 36.358936], [25.412891, 36.404883], [25.414648, 36.442285], [25.396875, 36.465332], [25.408984, 36.47373], [25.467383, 36.435059], [25.482422, 36.392627], [25.435938, 36.340088]]], [[[25.364355, 36.65835], [25.259961, 36.758447], [25.295898, 36.78916], [25.406934, 36.717334], [25.364355, 36.65835]]], [[[26.824414, 37.811426], [27.039648, 37.77002], [27.055078, 37.709277], [26.978125, 37.700488], [26.844922, 37.644727], [26.788281, 37.656982], [26.720508, 37.705469], [26.581055, 37.72373], [26.638672, 37.780859], [26.743359, 37.809766], [26.824414, 37.811426]]], [[[25.982422, 37.525586], [25.996777, 37.565576], [26.086328, 37.634912], [26.211523, 37.638281], [26.351367, 37.674316], [26.296875, 37.61958], [26.204883, 37.568506], [25.982422, 37.525586]]], [[[25.859375, 36.79043], [25.743164, 36.789746], [25.941992, 36.886572], [26.000684, 36.937402], [26.064453, 36.902734], [25.984668, 36.879687], [25.859375, 36.79043]]], [[[26.381641, 36.561523], [26.331445, 36.511377], [26.27002, 36.546924], [26.269824, 36.59541], [26.337012, 36.580566], [26.38418, 36.607861], [26.37002, 36.638574], [26.421289, 36.624219], [26.460645, 36.5854], [26.381641, 36.561523]]], [[[24.288965, 37.528271], [24.277441, 37.601123], [24.32041, 37.677734], [24.379102, 37.682715], [24.400781, 37.649023], [24.355957, 37.576855], [24.288965, 37.528271]]], [[[24.378906, 37.314111], [24.397754, 37.383447], [24.369727, 37.419629], [24.43125, 37.475195], [24.481445, 37.408008], [24.435742, 37.344434], [24.378906, 37.314111]]], [[[24.535742, 36.76377], [24.530664, 36.683984], [24.325977, 36.655615], [24.357422, 36.744287], [24.425195, 36.712939], [24.460352, 36.747461], [24.535742, 36.76377]]], [[[24.937891, 37.389697], [24.896191, 37.406592], [24.906543, 37.508887], [24.942871, 37.493506], [24.937891, 37.389697]]], [[[24.962207, 37.692383], [24.884082, 37.770508], [24.798535, 37.824023], [24.766504, 37.870703], [24.714355, 37.898877], [24.700195, 37.96167], [24.79043, 37.990137], [24.855078, 37.913672], [24.956348, 37.904785], [24.948438, 37.857666], [24.991699, 37.759619], [24.962207, 37.692383]]], [[[25.21875, 37.535107], [25.156348, 37.545068], [25.051953, 37.614453], [24.996484, 37.676904], [25.039355, 37.680664], [25.091797, 37.647998], [25.225391, 37.630664], [25.255859, 37.599609], [25.21875, 37.535107]]], [[[24.702637, 36.91709], [24.670996, 36.998584], [24.681445, 37.021631], [24.716113, 37.023828], [24.763184, 36.949219], [24.702637, 36.91709]]], [[[25.998535, 38.161523], [25.874316, 38.269629], [25.952637, 38.302637], [25.991406, 38.353516], [25.959961, 38.416016], [25.85127, 38.508398], [25.846094, 38.574023], [26.0125, 38.601709], [26.110449, 38.544629], [26.160352, 38.540723], [26.141211, 38.486182], [26.157031, 38.30293], [26.110742, 38.279639], [26.094043, 38.218066], [25.998535, 38.161523]]], [[[26.392773, 39.270117], [26.531055, 39.171777], [26.578223, 39.109521], [26.595605, 39.048828], [26.583984, 39.031445], [26.488672, 39.074805], [26.503125, 39.031445], [26.547168, 38.994141], [26.46875, 38.972803], [26.390137, 38.973926], [26.16084, 39.025879], [26.10791, 39.081055], [26.245117, 39.164111], [26.273145, 39.197559], [26.175977, 39.194287], [26.072363, 39.095605], [25.90625, 39.138965], [25.844141, 39.200049], [25.90957, 39.287549], [26.026465, 39.284619], [26.088379, 39.304297], [26.164844, 39.331982], [26.16543, 39.373535], [26.347754, 39.383008], [26.410156, 39.329443], [26.392773, 39.270117]]], [[[25.572656, 40.400439], [25.448047, 40.482812], [25.568555, 40.515869], [25.664258, 40.463867], [25.685742, 40.426562], [25.572656, 40.400439]]], [[[25.399902, 39.949561], [25.357031, 39.808105], [25.29873, 39.806104], [25.263379, 39.822949], [25.249414, 39.894141], [25.223828, 39.892578], [25.185156, 39.829932], [25.126465, 39.82583], [25.062207, 39.852393], [25.058008, 39.999658], [25.23418, 40.00542], [25.285742, 39.956299], [25.348047, 39.984766], [25.373633, 40.015527], [25.449121, 40.034814], [25.437695, 39.983301], [25.399902, 39.949561]]], [[[25.307129, 37.412988], [25.312695, 37.489307], [25.348145, 37.50918], [25.462988, 37.471094], [25.457422, 37.44707], [25.402734, 37.419141], [25.307129, 37.412988]]], [[[24.486523, 37.110059], [24.424805, 37.131982], [24.441211, 37.186865], [24.483789, 37.210205], [24.529102, 37.192334], [24.535938, 37.167676], [24.523535, 37.125098], [24.486523, 37.110059]]], [[[27.842773, 35.929297], [27.745703, 35.911035], [27.715527, 35.957324], [27.757324, 36.069189], [27.716309, 36.171582], [27.774414, 36.21377], [27.815234, 36.276953], [27.914453, 36.345312], [28.231836, 36.433643], [28.230078, 36.370264], [28.144043, 36.209863], [28.067676, 36.129687], [28.087793, 36.065332], [27.965527, 36.04751], [27.842773, 35.929297]]], [[[23.920605, 35.528174], [24.013281, 35.529443], [24.093359, 35.593848], [24.166016, 35.595215], [24.197754, 35.537451], [24.108984, 35.495801], [24.178516, 35.459521], [24.255371, 35.468604], [24.274902, 35.385986], [24.354004, 35.359473], [24.53457, 35.380762], [24.721289, 35.424805], [25.003125, 35.409863], [25.104297, 35.346924], [25.296777, 35.339355], [25.475684, 35.306201], [25.730176, 35.348584], [25.755859, 35.326367], [25.735156, 35.184033], [25.74502, 35.142725], [25.791309, 35.122852], [25.837109, 35.132568], [25.893359, 35.179199], [26.028027, 35.215283], [26.167871, 35.215088], [26.285547, 35.309766], [26.320215, 35.315137], [26.244336, 35.044678], [26.165625, 35.018604], [25.829688, 35.025195], [25.205762, 34.959277], [24.799805, 34.934473], [24.745215, 34.950635], [24.735156, 35.058301], [24.708887, 35.089062], [24.463672, 35.160352], [23.883594, 35.246094], [23.638086, 35.235156], [23.592773, 35.257227], [23.561621, 35.295166], [23.547559, 35.415576], [23.569824, 35.534766], [23.608691, 35.56626], [23.626563, 35.530371], [23.672656, 35.513916], [23.71543, 35.550146], [23.715039, 35.604736], [23.736914, 35.655518], [23.770801, 35.634229], [23.793359, 35.556201], [23.920605, 35.528174]]], [[[26.410547, 41.696338], [26.49502, 41.633252], [26.581348, 41.60127], [26.624902, 41.401758], [26.602344, 41.35415], [26.536426, 41.343115], [26.330664, 41.23877], [26.328418, 41.097021], [26.354102, 40.99707], [26.331055, 40.954492], [26.10918, 40.749658], [26.038965, 40.726758], [26.010742, 40.769141], [25.855664, 40.844092], [25.496777, 40.887793], [25.325293, 40.943115], [25.250098, 40.932812], [25.104492, 40.994727], [25.004688, 40.967529], [24.792969, 40.85752], [24.678711, 40.869482], [24.556543, 40.935596], [24.477051, 40.947754], [24.383789, 40.912744], [24.234375, 40.786133], [24.082324, 40.724072], [23.946094, 40.74834], [23.762793, 40.747803], [23.743262, 40.677002], [23.778711, 40.627979], [23.878906, 40.544385], [23.831934, 40.481543], [23.866797, 40.418555], [24.030566, 40.409326], [24.212793, 40.327783], [24.29248, 40.241797], [24.343359, 40.147705], [24.158789, 40.280029], [23.913184, 40.358789], [23.823438, 40.368018], [23.72793, 40.329736], [23.720508, 40.286279], [23.96748, 40.114551], [24.000781, 40.024609], [23.94707, 39.965576], [23.835352, 40.022266], [23.664551, 40.223828], [23.42627, 40.263965], [23.386426, 40.221973], [23.433203, 40.11543], [23.46709, 40.073926], [23.674121, 39.958887], [23.627344, 39.924072], [23.395605, 39.989844], [23.328223, 40.089941], [23.312012, 40.216455], [22.896484, 40.399902], [22.851367, 40.490625], [22.892871, 40.524268], [22.922266, 40.590869], [22.811426, 40.578613], [22.629492, 40.495557], [22.624902, 40.428613], [22.642676, 40.366602], [22.605469, 40.276416], [22.569336, 40.119336], [22.592188, 40.036914], [22.835742, 39.800586], [22.919043, 39.628906], [22.978809, 39.563818], [23.103418, 39.492041], [23.233398, 39.358447], [23.288477, 39.288818], [23.327734, 39.174902], [23.218359, 39.104395], [23.154688, 39.101465], [23.119434, 39.132764], [23.16875, 39.210449], [23.161719, 39.257764], [22.992871, 39.331055], [22.921387, 39.306348], [22.838965, 39.258594], [22.886035, 39.169971], [22.938965, 39.111523], [22.965527, 39.030908], [23.066699, 39.037939], [22.930469, 38.947705], [22.802637, 38.901611], [22.596777, 38.890576], [22.569141, 38.86748], [22.6875, 38.84917], [22.774023, 38.800391], [23.020313, 38.741895], [23.137695, 38.667969], [23.25293, 38.66123], [23.368945, 38.525537], [23.569629, 38.489404], [23.683984, 38.352441], [23.836035, 38.325488], [23.966992, 38.275], [24.005371, 38.226807], [24.024512, 38.139795], [24.033008, 37.955322], [24.061328, 37.81792], [24.055371, 37.709619], [24.019727, 37.677734], [23.971582, 37.676758], [23.877344, 37.777783], [23.580469, 38.010547], [23.501758, 38.034863], [23.420215, 37.99209], [23.193652, 37.959033], [23.047461, 37.902637], [23.036328, 37.878369], [23.147168, 37.795312], [23.147168, 37.71626], [23.197559, 37.620215], [23.262695, 37.59541], [23.347559, 37.597559], [23.396191, 37.579785], [23.408789, 37.541553], [23.490625, 37.463867], [23.489258, 37.440186], [23.252539, 37.377295], [23.161523, 37.333838], [23.1, 37.36377], [23.096484, 37.440576], [23.015137, 37.481787], [22.940527, 37.51709], [22.851074, 37.532227], [22.775, 37.585107], [22.725391, 37.542139], [22.765039, 37.393311], [22.851074, 37.29082], [22.99502, 37.015869], [23.060352, 36.853516], [23.073535, 36.774951], [23.041016, 36.644531], [23.111719, 36.547607], [23.160156, 36.448096], [23.106836, 36.451855], [22.98291, 36.528369], [22.832324, 36.687109], [22.779883, 36.786182], [22.717188, 36.793945], [22.608398, 36.779736], [22.489063, 36.568164], [22.489453, 36.446924], [22.427734, 36.475781], [22.374805, 36.513574], [22.375977, 36.701904], [22.231152, 36.882568], [22.164746, 36.902832], [22.080469, 37.028955], [21.955566, 36.990088], [21.934277, 36.803662], [21.892383, 36.737305], [21.738086, 36.863232], [21.58291, 37.080957], [21.578809, 37.200391], [21.69248, 37.309277], [21.678906, 37.387207], [21.571289, 37.541016], [21.416211, 37.639941], [21.329297, 37.669336], [21.288477, 37.774512], [21.137988, 37.85415], [21.124707, 37.891602], [21.14502, 37.919287], [21.308105, 38.027441], [21.403711, 38.19668], [21.451172, 38.204736], [21.54873, 38.1646], [21.658398, 38.175098], [21.748438, 38.274219], [21.824707, 38.328125], [21.95332, 38.321191], [22.24375, 38.188721], [22.555859, 38.113232], [22.711523, 38.046924], [22.799609, 37.981201], [22.920313, 37.958301], [22.916992, 38.007471], [22.893164, 38.050928], [22.954785, 38.074609], [23.12207, 38.07334], [23.183496, 38.133691], [23.148926, 38.176074], [23.093555, 38.196436], [22.99541, 38.215527], [22.93252, 38.201953], [22.834375, 38.234717], [22.753906, 38.289502], [22.583398, 38.344922], [22.42168, 38.438525], [22.385254, 38.385547], [22.319922, 38.356836], [22.226855, 38.352832], [21.965332, 38.412451], [21.804688, 38.366943], [21.472559, 38.321387], [21.390137, 38.407812], [21.355469, 38.474805], [21.331055, 38.487305], [21.329785, 38.424365], [21.30332, 38.373926], [21.182617, 38.345557], [21.113184, 38.384668], [20.992188, 38.654004], [20.873242, 38.775732], [20.776855, 38.80752], [20.768555, 38.874414], [20.777344, 38.927881], [20.893164, 38.941113], [21.074219, 38.885156], [21.111621, 38.896289], [21.152344, 38.92207], [21.118359, 39.02998], [20.922754, 39.036768], [20.779688, 39.008545], [20.713379, 39.035156], [20.691309, 39.06748], [20.57168, 39.147705], [20.468262, 39.255273], [20.300781, 39.3271], [20.191406, 39.545801], [20.099414, 39.64126], [20.00127, 39.709424], [20.059766, 39.699121], [20.131055, 39.661621], [20.206836, 39.653516], [20.248242, 39.678369], [20.27207, 39.701172], [20.306152, 39.79668], [20.382422, 39.802637], [20.381641, 39.841797], [20.311328, 39.950781], [20.311133, 39.979443], [20.383691, 40.017187], [20.408008, 40.049463], [20.60625, 40.082666], [20.657422, 40.117383], [20.717871, 40.292676], [20.806055, 40.445459], [20.950195, 40.494385], [21.030859, 40.622461], [21.031055, 40.658643], [20.955762, 40.775293], [20.964258, 40.849902], [21.32373, 40.867139], [21.404102, 40.907178], [21.575781, 40.868945], [21.779492, 40.950439], [21.929492, 41.107422], [21.993359, 41.130957], [22.138867, 41.140527], [22.184473, 41.158643], [22.493555, 41.118506], [22.724805, 41.178516], [22.755078, 41.312744], [22.783887, 41.331982], [23.155957, 41.32207], [23.239844, 41.384961], [23.433398, 41.39873], [23.635156, 41.386768], [23.880859, 41.455957], [24.011328, 41.460059], [24.03291, 41.469092], [24.056055, 41.527246], [24.386719, 41.523535], [24.518262, 41.552539], [24.595996, 41.442725], [24.77373, 41.356104], [24.846875, 41.394238], [24.993555, 41.36499], [25.133398, 41.315771], [25.251172, 41.243555], [25.527051, 41.299805], [25.784961, 41.33042], [25.92334, 41.311914], [26.066406, 41.350684], [26.135352, 41.385742], [26.155176, 41.434863], [26.143555, 41.521533], [26.11123, 41.608203], [26.066016, 41.673242], [26.107422, 41.725684], [26.200586, 41.743799], [26.410547, 41.696338]]]]}}, {"type": "Feature", "properties": {"iso": "DE", "name": "Germany"}, "geometry": {"type": "MultiPolygon", "coordinates": [[[[9.524023, 47.524219], [9.182813, 47.670703], [8.881152, 47.656396], [8.831152, 47.703613], [8.793066, 47.716553], [8.72832, 47.700049], [8.617871, 47.766113], [8.572656, 47.775635], [8.509863, 47.766895], [8.435742, 47.731348], [8.403418, 47.687793], [8.413281, 47.662695], [8.552344, 47.659131], [8.570508, 47.637793], [8.430078, 47.592139], [8.198242, 47.606934], [8.09375, 47.576172], [7.927051, 47.563867], [7.698047, 47.569873], [7.56543, 47.606543], [7.529395, 47.673877], [7.538574, 47.773633], [7.593262, 47.905664], [7.608496, 48.002588], [7.58418, 48.064307], [7.616602, 48.156787], [7.705664, 48.280029], [7.765137, 48.41001], [7.794824, 48.546826], [7.837988, 48.636035], [8.140332, 48.886426], [8.134863, 48.973584], [8.00127, 49.010937], [7.610938, 49.061768], [7.525488, 49.086377], [7.450586, 49.152197], [7.199902, 49.113623], [7.117383, 49.127539], [7.036719, 49.112695], [7.001465, 49.179883], [6.891211, 49.20752], [6.849512, 49.201953], [6.77627, 49.15415], [6.735449, 49.160596], [6.574707, 49.319678], [6.534277, 49.394678], [6.458105, 49.442871], [6.344336, 49.452734], [6.37832, 49.599609], [6.406738, 49.644971], [6.484766, 49.707812], [6.487305, 49.798486], [6.324609, 49.837891], [6.256055, 49.872168], [6.138184, 49.974316], [6.109766, 50.034375], [6.121289, 50.139355], [6.175098, 50.232666], [6.364453, 50.316162], [6.340918, 50.451758], [6.294922, 50.485498], [6.203027, 50.499121], [6.178711, 50.52251], [6.168457, 50.545361], [6.235938, 50.59668], [5.993945, 50.750439], [6.048438, 50.904883], [6.006836, 50.949951], [5.894727, 50.984229], [5.85752, 51.030127], [5.868359, 51.045312], [5.939258, 51.04082], [6.12998, 51.147412], [6.136914, 51.164844], [6.082422, 51.17998], [6.075879, 51.224121], [6.166211, 51.354834], [6.198828, 51.45], [6.193262, 51.488916], [6.091113, 51.598926], [6.089355, 51.637793], [5.948535, 51.762402], [5.94873, 51.802686], [6.166504, 51.880762], [6.355664, 51.824658], [6.425, 51.858398], [6.517578, 51.853955], [6.741797, 51.910889], [6.802441, 51.980176], [6.715625, 52.036182], [6.724512, 52.080225], [6.977246, 52.205518], [7.019629, 52.266016], [7.035156, 52.380225], [7.001855, 52.418994], [6.968164, 52.444092], [6.83252, 52.442285], [6.748828, 52.464014], [6.70293, 52.499219], [6.691602, 52.530176], [6.71875, 52.573584], [6.710742, 52.617871], [6.748438, 52.634082], [7.013184, 52.633545], [7.033008, 52.651367], [7.050879, 52.744775], [7.11709, 52.887012], [7.179492, 52.966211], [7.197266, 53.282275], [7.152051, 53.326953], [7.05332, 53.37583], [7.107129, 53.556982], [7.206445, 53.654541], [7.285254, 53.681348], [7.629199, 53.697266], [8.009277, 53.690723], [8.16709, 53.543408], [8.108496, 53.467676], [8.200781, 53.432422], [8.245215, 53.445312], [8.301563, 53.584131], [8.333887, 53.606201], [8.451367, 53.551709], [8.492676, 53.514355], [8.495215, 53.394238], [8.538477, 53.556885], [8.50625, 53.670752], [8.528418, 53.781104], [8.618945, 53.875], [8.897754, 53.835693], [9.205566, 53.855957], [9.321973, 53.813477], [9.585352, 53.600488], [9.673145, 53.565625], [9.783984, 53.554639], [9.63125, 53.600195], [9.312012, 53.859131], [9.216406, 53.891211], [9.069629, 53.900928], [8.978125, 53.926221], [8.92041, 53.965332], [8.903516, 54.000293], [8.906641, 54.260791], [8.851562, 54.299561], [8.780371, 54.313037], [8.736035, 54.295215], [8.644922, 54.294971], [8.625781, 54.353955], [8.648047, 54.397656], [8.831152, 54.427539], [8.951855, 54.467578], [8.957227, 54.53833], [8.880957, 54.593945], [8.682324, 54.791846], [8.670313, 54.903418], [8.90293, 54.896924], [9.18584, 54.844678], [9.25498, 54.808008], [9.341992, 54.806299], [9.61582, 54.85542], [9.739746, 54.825537], [9.745898, 54.807178], [9.892285, 54.780615], [10.022168, 54.673926], [10.028809, 54.581299], [9.868652, 54.472461], [10.143457, 54.488428], [10.212402, 54.408936], [10.360449, 54.43833], [10.731543, 54.31626], [11.013379, 54.37915], [11.064355, 54.280518], [11.008594, 54.181152], [10.810742, 54.075146], [10.85459, 54.009814], [10.917773, 53.995312], [11.104297, 54.00918], [11.399609, 53.944629], [11.461133, 53.964746], [11.700586, 54.113525], [11.796289, 54.145459], [12.111328, 54.168311], [12.168652, 54.225879], [12.296289, 54.283789], [12.575391, 54.467383], [13.028613, 54.411035], [13.147461, 54.282715], [13.448047, 54.140869], [13.724219, 54.153223], [13.822266, 54.019043], [13.865527, 53.853369], [14.025, 53.767432], [14.258887, 53.729639], [14.29873, 53.556445], [14.414551, 53.283496], [14.410938, 53.199023], [14.368555, 53.105566], [14.293164, 53.026758], [14.193652, 52.982324], [14.138867, 52.932861], [14.128613, 52.878223], [14.253711, 52.78252], [14.514063, 52.645605], [14.619434, 52.528516], [14.569727, 52.431104], [14.55459, 52.359668], [14.573926, 52.31416], [14.615625, 52.277637], [14.679883, 52.25], [14.705371, 52.207471], [14.692383, 52.150049], [14.70459, 52.110205], [14.752539, 52.081836], [14.674902, 51.904834], [14.60166, 51.832373], [14.623926, 51.770801], [14.724902, 51.661719], [14.738672, 51.627148], [14.710938, 51.544922], [14.724707, 51.523877], [14.905957, 51.46333], [14.935547, 51.435352], [15.016602, 51.252734], [14.963867, 51.095117], [14.91748, 51.00874], [14.766504, 50.818311], [14.72334, 50.814697], [14.613574, 50.855566], [14.623828, 50.914746], [14.595215, 50.918604], [14.545703, 50.993945], [14.319727, 51.037793], [14.283203, 51.029492], [14.255859, 51.001855], [14.299414, 50.952588], [14.377051, 50.914062], [14.369043, 50.89873], [14.201758, 50.86123], [13.898535, 50.761279], [13.701367, 50.716504], [13.556738, 50.704639], [13.526563, 50.692822], [13.472559, 50.616943], [13.436133, 50.601074], [13.374609, 50.621729], [13.306055, 50.586328], [13.237695, 50.576758], [13.181152, 50.510498], [13.016406, 50.490381], [12.966797, 50.416211], [12.942676, 50.406445], [12.76543, 50.430957], [12.706445, 50.409131], [12.549023, 50.393408], [12.452637, 50.349805], [12.277344, 50.181445], [12.231152, 50.244873], [12.134863, 50.310937], [12.099219, 50.310986], [12.089746, 50.268555], [12.175, 50.17583], [12.207813, 50.09751], [12.276465, 50.042334], [12.457617, 49.955518], [12.512012, 49.895801], [12.497559, 49.853076], [12.390527, 49.739648], [12.500293, 49.639697], [12.632031, 49.46123], [12.813379, 49.329346], [12.916699, 49.330469], [13.140527, 49.15835], [13.227832, 49.11167], [13.28877, 49.097461], [13.339063, 49.060791], [13.401172, 48.977588], [13.440723, 48.955566], [13.547656, 48.959668], [13.769922, 48.815967], [13.814746, 48.766943], [13.785352, 48.587451], [13.675195, 48.523047], [13.486621, 48.581836], [13.459863, 48.564551], [13.409375, 48.394141], [13.374609, 48.361377], [13.322852, 48.33125], [13.082129, 48.275098], [12.897461, 48.203711], [12.814258, 48.16084], [12.760352, 48.106982], [12.760059, 48.075977], [12.953516, 47.890625], [12.954199, 47.807764], [12.897656, 47.721875], [13.033594, 47.69873], [13.054102, 47.655127], [13.047949, 47.57915], [13.014355, 47.478076], [12.968066, 47.475684], [12.809375, 47.542187], [12.782813, 47.56416], [12.796191, 47.607031], [12.771387, 47.639404], [12.68584, 47.669336], [12.48291, 47.637305], [12.363184, 47.688184], [12.209277, 47.718262], [12.196875, 47.709082], [12.203809, 47.646729], [12.185645, 47.619531], [11.716797, 47.583496], [11.392969, 47.487158], [11.374121, 47.460254], [11.297949, 47.424902], [11.211914, 47.413623], [11.191211, 47.425195], [11.041992, 47.393115], [10.980859, 47.398145], [10.893945, 47.470459], [10.873047, 47.520215], [10.741602, 47.524121], [10.658691, 47.547217], [10.439453, 47.551562], [10.403906, 47.416992], [10.369141, 47.366064], [10.312793, 47.313428], [10.183008, 47.278809], [10.200293, 47.363428], [10.066309, 47.393359], [10.074219, 47.428516], [10.059863, 47.449072], [9.971582, 47.505322], [9.748926, 47.575537], [9.650586, 47.525879], [9.524023, 47.524219]]], [[[13.73418, 54.31543], [13.707324, 54.281152], [13.594922, 54.338184], [13.482031, 54.337402], [13.414551, 54.249561], [13.364355, 54.24585], [13.190039, 54.325635], [13.162109, 54.364551], [13.17666, 54.544238], [13.231445, 54.582764], [13.239941, 54.638428], [13.336816, 54.697119], [13.422754, 54.699316], [13.450098, 54.649609], [13.491211, 54.615381], [13.657617, 54.55957], [13.670703, 54.535449], [13.580469, 54.463965], [13.601855, 54.425146], [13.70918, 54.382715], [13.73418, 54.31543]]], [[[14.198242, 53.919043], [14.213672, 53.870752], [14.04834, 53.863086], [13.925781, 53.879053], [13.902148, 53.938965], [13.92168, 53.996631], [13.827148, 54.05957], [13.827734, 54.127246], [14.211426, 53.950342], [14.198242, 53.919043]]], [[[11.129297, 54.416016], [11.070703, 54.456006], [11.011719, 54.466162], [11.043457, 54.515479], [11.084961, 54.533398], [11.233594, 54.50127], [11.282813, 54.417969], [11.129297, 54.416016]]], [[[8.284668, 54.76709], [8.295703, 54.908301], [8.405176, 55.05874], [8.451465, 55.055371], [8.39043, 54.986279], [8.371191, 54.929395], [8.379883, 54.899854], [8.62959, 54.891748], [8.600586, 54.865381], [8.347363, 54.847607], [8.284668, 54.76709]]], [[[8.548926, 54.688184], [8.453809, 54.691064], [8.400391, 54.714111], [8.417676, 54.738672], [8.468164, 54.757422], [8.573438, 54.74873], [8.587891, 54.712695], [8.548926, 54.688184]]]]}}, {"type": "Feature", "properties": {"iso": "GE", "name": "Georgia"}, "geometry": {"type": "Polygon", "coordinates": [[[43.439453, 41.107129], [43.433398, 41.155518], [43.358984, 41.190137], [43.205469, 41.19917], [43.152832, 41.236426], [43.141016, 41.264844], [43.171289, 41.287939], [43.149023, 41.307129], [43.057129, 41.352832], [42.906738, 41.466846], [42.82168, 41.492383], [42.787891, 41.563721], [42.754102, 41.578906], [42.606836, 41.578809], [42.567383, 41.559277], [42.50791, 41.470068], [42.466406, 41.439844], [42.211133, 41.486719], [41.925781, 41.495654], [41.823535, 41.432373], [41.510059, 41.51748], [41.701758, 41.70542], [41.758789, 41.817139], [41.762988, 41.97002], [41.663281, 42.146875], [41.48877, 42.659326], [41.419434, 42.737646], [41.128711, 42.828125], [41.061621, 42.930859], [40.836621, 43.063477], [40.524023, 43.121045], [40.462109, 43.145703], [40.190625, 43.312402], [39.97832, 43.419824], [40.08457, 43.553125], [40.150195, 43.569775], [40.518945, 43.512012], [40.648047, 43.533887], [41.083105, 43.374463], [41.358203, 43.333398], [41.580566, 43.219238], [42.05, 43.190137], [42.279688, 43.228076], [42.419043, 43.224219], [42.566016, 43.155127], [42.760645, 43.16958], [42.991602, 43.091504], [43.000195, 43.049658], [43.08916, 42.989062], [43.347949, 42.89668], [43.557813, 42.844482], [43.782617, 42.747021], [43.79873, 42.727783], [43.79541, 42.702979], [43.749902, 42.65752], [43.738379, 42.616992], [43.759863, 42.593848], [43.825977, 42.571533], [43.957422, 42.566553], [44.004688, 42.595605], [44.102734, 42.616357], [44.329492, 42.703516], [44.505859, 42.748633], [44.644336, 42.734717], [44.691797, 42.709619], [44.771094, 42.616797], [44.850488, 42.746826], [44.870996, 42.756396], [45.160254, 42.675], [45.34375, 42.529785], [45.562891, 42.535742], [45.705273, 42.498096], [45.727539, 42.475049], [45.634277, 42.234717], [45.638574, 42.205078], [46.0, 42.02241470487325], [46.0, 41.17284255099426], [45.792773, 41.224414], [45.725488, 41.261621], [45.695703, 41.289014], [45.715625, 41.337646], [45.422266, 41.425293], [45.280957, 41.449561], [44.975879, 41.27749], [44.811328, 41.259375], [44.848535, 41.220166], [44.841406, 41.211377], [44.564844, 41.208203], [44.473047, 41.191016], [44.227344, 41.21333], [43.793164, 41.131104], [43.439453, 41.107129]]]}}, {"type": "Feature", "properties": {"iso": "FR", "name": "France"}, "geometry": {"type": "MultiPolygon", "coordinates": [[[[9.454199, 42.658594], [9.526172, 42.552637], [9.550684, 42.129736], [9.400879, 41.926221], [9.394824, 41.731201], [9.374219, 41.678809], [9.330859, 41.627148], [9.253418, 41.460059], [9.186133, 41.384912], [8.89502, 41.516162], [8.80752, 41.588379], [8.879004, 41.668555], [8.886816, 41.700684], [8.717969, 41.761426], [8.718652, 41.804004], [8.758691, 41.87041], [8.74043, 41.925146], [8.621875, 41.930713], [8.615137, 41.959131], [8.702539, 42.043115], [8.700977, 42.095605], [8.641602, 42.118213], [8.587793, 42.16084], [8.566211, 42.218799], [8.60791, 42.258447], [8.675488, 42.284033], [8.625879, 42.343408], [8.565625, 42.357715], [8.640039, 42.426562], [8.713086, 42.549756], [8.814844, 42.60791], [9.043652, 42.66167], [9.137891, 42.73291], [9.198047, 42.729199], [9.287695, 42.694629], [9.313379, 42.713184], [9.338379, 42.766895], [9.323047, 42.814062], [9.330957, 42.943799], [9.363184, 43.017383], [9.415234, 43.021484], [9.463281, 42.981006], [9.480371, 42.80542], [9.454199, 42.658594]]], [[[7.494922, 47.547363], [7.42002, 47.455176], [7.343164, 47.433105], [7.203125, 47.432715], [7.136035, 47.489844], [7.053418, 47.489355], [6.968359, 47.453223], [6.900391, 47.394238], [6.921484, 47.36123], [6.984082, 47.352539], [7.000586, 47.32251], [6.666895, 47.026514], [6.45625, 46.94834], [6.438574, 46.925879], [6.410156, 46.75542], [6.160742, 46.611035], [6.067969, 46.458545], [6.060254, 46.428174], [6.123242, 46.378613], [6.095898, 46.279395], [5.97002, 46.214697], [5.971484, 46.151221], [6.006641, 46.142334], [6.086621, 46.147021], [6.199414, 46.193066], [6.272949, 46.252246], [6.224219, 46.319434], [6.234668, 46.332617], [6.321875, 46.393701], [6.428906, 46.430518], [6.578223, 46.437354], [6.776074, 46.406641], [6.767383, 46.369189], [6.78418, 46.313965], [6.816797, 46.275195], [6.77207, 46.165137], [6.953711, 46.017139], [7.021094, 45.925781], [6.94082, 45.868359], [6.804492, 45.814551], [6.790918, 45.740869], [6.80625, 45.71001], [6.881445, 45.670361], [7.013672, 45.500488], [7.153418, 45.400928], [7.116797, 45.349023], [7.07832, 45.239941], [6.98125, 45.215576], [6.842285, 45.135645], [6.692285, 45.144287], [6.627734, 45.117969], [6.634766, 45.068164], [6.691406, 45.022607], [6.738184, 44.921387], [6.801074, 44.883154], [6.939844, 44.85874], [6.992676, 44.827295], [7.030664, 44.716699], [7.00791, 44.688965], [6.960352, 44.677148], [6.842969, 44.510693], [6.893848, 44.428174], [6.874805, 44.392041], [6.900195, 44.335742], [6.967285, 44.280029], [7.318555, 44.137988], [7.370898, 44.127393], [7.637207, 44.164844], [7.677148, 44.083154], [7.651465, 44.033643], [7.482031, 43.864893], [7.493164, 43.767139], [7.438672, 43.750439], [7.414453, 43.770898], [7.39502, 43.765332], [7.377734, 43.731738], [7.181445, 43.659131], [6.864746, 43.43833], [6.716602, 43.373584], [6.657227, 43.26167], [6.570215, 43.199072], [6.494043, 43.169287], [6.305371, 43.138721], [6.115918, 43.072363], [6.030566, 43.100977], [5.809473, 43.0979], [5.671582, 43.177832], [5.406543, 43.228516], [5.320215, 43.344922], [5.12041, 43.348975], [5.073145, 43.366602], [5.059766, 43.444531], [4.911914, 43.426953], [4.843555, 43.393945], [4.787207, 43.401416], [4.789062, 43.378906], [4.712109, 43.373291], [4.224219, 43.479639], [4.162793, 43.503662], [4.113086, 43.563037], [4.052637, 43.593066], [3.91084, 43.563086], [3.784766, 43.461621], [3.258887, 43.193213], [3.051758, 42.915137], [3.043066, 42.837891], [3.090918, 42.590869], [3.211426, 42.431152], [2.97002, 42.467236], [2.891406, 42.456055], [2.701855, 42.408496], [2.67002, 42.393018], [2.65166, 42.340479], [2.200391, 42.420947], [2.032715, 42.353516], [1.986523, 42.358496], [1.92793, 42.426318], [1.706055, 42.50332], [1.740234, 42.556738], [1.709863, 42.604443], [1.501367, 42.642725], [1.42832, 42.595898], [1.349414, 42.690674], [1.293262, 42.709961], [1.208301, 42.713135], [0.764453, 42.838037], [0.669824, 42.835742], [0.631641, 42.6896], [0.255469, 42.69292], [0.201367, 42.719336], [-0.041162, 42.689111], [-0.299316, 42.825342], [-0.586426, 42.798975], [-0.762646, 42.939795], [-0.933838, 42.949512], [-1.175439, 43.021143], [-1.285449, 43.059619], [-1.300049, 43.100977], [-1.370508, 43.037598], [-1.46084, 43.051758], [-1.480469, 43.071143], [-1.422607, 43.149121], [-1.410693, 43.240088], [-1.471729, 43.267676], [-1.627148, 43.282471], [-1.712842, 43.307031], [-1.753271, 43.324707], [-1.792725, 43.372559], [-1.794043, 43.407324], [-1.631445, 43.438037], [-1.484863, 43.56377], [-1.345996, 44.020215], [-1.245508, 44.559863], [-1.170801, 44.661816], [-1.076953, 44.689844], [-1.152881, 44.764014], [-1.245215, 44.666699], [-1.189062, 45.161475], [-1.149072, 45.342627], [-1.081006, 45.532422], [-0.826318, 45.380664], [-0.76665, 45.314355], [-0.691113, 45.093457], [-0.548486, 45.000586], [-0.582275, 45.051367], [-0.641113, 45.090186], [-0.733105, 45.384619], [-0.790771, 45.468018], [-0.880664, 45.538184], [-1.169971, 45.685937], [-1.195996, 45.714453], [-1.209961, 45.770898], [-1.114355, 45.768506], [-1.031738, 45.741064], [-1.104395, 45.925342], [-1.146289, 46.311377], [-1.312793, 46.326904], [-1.39248, 46.350098], [-1.786523, 46.514844], [-1.921436, 46.684814], [-2.059375, 46.810303], [-2.09248, 46.865039], [-2.090283, 46.920508], [-2.018896, 47.037646], [-2.081934, 47.111621], [-2.143555, 47.126318], [-2.19707, 47.162939], [-2.108301, 47.262939], [-2.027588, 47.273584], [-1.742529, 47.215967], [-1.975391, 47.310693], [-2.353027, 47.27876], [-2.503125, 47.312061], [-2.530029, 47.381592], [-2.476318, 47.412939], [-2.427686, 47.470898], [-2.482715, 47.511621], [-2.554053, 47.527051], [-2.770312, 47.513867], [-2.796777, 47.537256], [-2.733105, 47.601807], [-2.787207, 47.625537], [-2.964062, 47.601074], [-3.064209, 47.621338], [-3.158838, 47.694678], [-3.264697, 47.685107], [-3.328613, 47.71333], [-3.443945, 47.711035], [-3.507812, 47.753125], [-3.900928, 47.837549], [-4.070703, 47.847852], [-4.226416, 47.809619], [-4.312109, 47.8229], [-4.375098, 47.877441], [-4.427979, 47.968945], [-4.678809, 48.039502], [-4.629199, 48.085791], [-4.377832, 48.128809], [-4.329443, 48.169971], [-4.434619, 48.217969], [-4.512207, 48.229736], [-4.577148, 48.290039], [-4.530664, 48.309717], [-4.40332, 48.293066], [-4.241406, 48.303662], [-4.301758, 48.34707], [-4.393164, 48.367627], [-4.719385, 48.363135], [-4.7625, 48.450244], [-4.720752, 48.539893], [-4.531201, 48.619971], [-4.058887, 48.70752], [-3.855664, 48.694727], [-3.714795, 48.710498], [-3.545996, 48.765674], [-3.471484, 48.812939], [-3.231445, 48.84082], [-3.003223, 48.790674], [-2.792871, 48.601074], [-2.692334, 48.536816], [-2.446191, 48.648291], [-2.079443, 48.64502], [-2.003711, 48.58208], [-1.973145, 48.635107], [-1.905713, 48.697119], [-1.851953, 48.668848], [-1.824707, 48.630518], [-1.376465, 48.652588], [-1.480469, 48.697607], [-1.565479, 48.805518], [-1.583105, 49.202393], [-1.690332, 49.313184], [-1.813428, 49.490137], [-1.870068, 49.595117], [-1.875391, 49.631396], [-1.856445, 49.683789], [-1.588232, 49.667676], [-1.365723, 49.707275], [-1.258643, 49.680176], [-1.264941, 49.598242], [-1.232275, 49.494873], [-1.138525, 49.387891], [-0.959131, 49.393164], [-0.765527, 49.359717], [-0.520898, 49.354541], [-0.163477, 49.296777], [-0.011182, 49.330225], [0.136133, 49.401514], [0.416895, 49.448389], [0.439258, 49.473193], [0.277637, 49.463281], [0.129395, 49.508447], [0.109375, 49.55752], [0.186719, 49.703027], [0.616211, 49.862939], [0.924121, 49.910205], [1.245508, 49.998242], [1.407227, 50.088525], [1.514063, 50.205078], [1.592773, 50.252197], [1.551563, 50.293945], [1.579492, 50.739258], [1.60957, 50.819482], [1.672266, 50.88501], [1.9125, 50.990625], [2.445703, 51.066504], [2.524902, 51.097119], [2.536035, 51.049512], [2.601465, 50.955273], [2.579297, 50.911768], [2.596777, 50.875928], [2.759375, 50.750635], [2.839746, 50.711768], [3.106836, 50.779443], [3.182031, 50.731689], [3.234961, 50.662939], [3.27334, 50.531543], [3.316211, 50.507373], [3.59541, 50.477344], [3.626758, 50.457324], [3.667285, 50.324805], [3.689355, 50.306055], [3.748047, 50.343506], [3.949707, 50.335938], [4.044141, 50.321338], [4.174609, 50.246484], [4.135254, 50.143799], [4.192188, 50.094141], [4.183887, 50.052832], [4.136816, 50.0], [4.149316, 49.971582], [4.176074, 49.960254], [4.36875, 49.944971], [4.54502, 49.960254], [4.656152, 50.002441], [4.706641, 50.09707], [4.818652, 50.153174], [4.860547, 50.135889], [4.790039, 49.95957], [4.841504, 49.914502], [4.867578, 49.788135], [5.006934, 49.778369], [5.124121, 49.721484], [5.278809, 49.67793], [5.507324, 49.510889], [5.789746, 49.538281], [5.823438, 49.505078], [6.011426, 49.445459], [6.074121, 49.454639], [6.119922, 49.485205], [6.181055, 49.498926], [6.242188, 49.494336], [6.344336, 49.452734], [6.458105, 49.442871], [6.534277, 49.394678], [6.574707, 49.319678], [6.735449, 49.160596], [6.77627, 49.15415], [6.849512, 49.201953], [6.891211, 49.20752], [7.001465, 49.179883], [7.036719, 49.112695], [7.117383, 49.127539], [7.199902, 49.113623], [7.450586, 49.152197], [7.525488, 49.086377], [7.610938, 49.061768], [8.00127, 49.010937], [8.134863, 48.973584], [8.140332, 48.886426], [7.837988, 48.636035], [7.794824, 48.546826], [7.765137, 48.41001], [7.705664, 48.280029], [7.616602, 48.156787], [7.58418, 48.064307], [7.608496, 48.002588], [7.593262, 47.905664], [7.538574, 47.773633], [7.529395, 47.673877], [7.56543, 47.606543], [7.615625, 47.592725], [7.494922, 47.547363]]], [[[-1.213574, 45.816602], [-1.280273, 45.897119], [-1.368701, 45.967676], [-1.388672, 46.050391], [-1.285059, 46.002686], [-1.17832, 45.904053], [-1.213574, 45.816602]]]]}}, {"type": "Feature", "properties": {"iso": "AX", "name": "\u00c5land"}, "geometry": {"type": "MultiPolygon", "coordinates": [[[[19.944531, 60.35752], [20.087402, 60.353418], [20.258887, 60.261279], [20.194727, 60.193555], [20.125488, 60.200879], [20.042578, 60.180664], [20.033984, 60.093555], [19.799805, 60.081738], [19.745996, 60.098975], [19.672266, 60.233008], [19.686914, 60.267627], [19.779004, 60.285547], [19.785254, 60.213379], [19.847656, 60.220557], [19.871582, 60.301611], [19.787793, 60.354053], [19.823047, 60.390186], [19.888281, 60.405811], [19.944531, 60.35752]]], [[[19.66748, 60.164746], [19.599805, 60.162695], [19.579883, 60.135059], [19.536523, 60.144971], [19.519043, 60.18457], [19.551367, 60.243848], [19.628809, 60.246094], [19.66748, 60.164746]]], [[[20.603418, 60.016943], [20.521777, 60.01167], [20.4875, 60.032764], [20.397949, 60.040674], [20.490137, 60.074902], [20.569141, 60.069629], [20.611328, 60.040674], [20.603418, 60.016943]]]]}}, {"type": "Feature", "properties": {"iso": "FI", "name": "Finland"}, "geometry": {"type": "MultiPolygon", "coordinates": [[[[30.365365284688835, 62.0], [29.690137, 61.546094], [29.492383, 61.444238], [29.25166, 61.287793], [28.739063, 61.05874], [28.662891, 61.002832], [28.407422, 60.896924], [27.797656, 60.536133], [27.669336, 60.498975], [27.525098, 60.490771], [27.462402, 60.464844], [27.205273, 60.543457], [27.075586, 60.525146], [26.951172, 60.471484], [26.721484, 60.455078], [26.534668, 60.412891], [26.519727, 60.471582], [26.551172, 60.545996], [26.601758, 60.595605], [26.606445, 60.62793], [26.569336, 60.624561], [26.495801, 60.551807], [26.456445, 60.466797], [26.377734, 60.424072], [26.204688, 60.406592], [26.036035, 60.474902], [25.955957, 60.474219], [26.040234, 60.371582], [26.03584, 60.341504], [25.945898, 60.346777], [25.758008, 60.267529], [25.71543, 60.267432], [25.656445, 60.333203], [25.455762, 60.26123], [25.267871, 60.24834], [25.155859, 60.194092], [24.600488, 60.114258], [24.517969, 60.046289], [24.445605, 60.021289], [24.342578, 60.042334], [23.721777, 59.965674], [23.463574, 59.98623], [23.181445, 59.844922], [23.021289, 59.816016], [22.963867, 59.826367], [23.009766, 59.868799], [23.115723, 59.912695], [23.188477, 59.972217], [23.198438, 60.021826], [23.080176, 60.047266], [22.994141, 60.098535], [22.911719, 60.209717], [22.86709, 60.21582], [22.819141, 60.101367], [22.749805, 60.057275], [22.646191, 60.028027], [22.462695, 60.029199], [22.438574, 60.090283], [22.471094, 60.146973], [22.442676, 60.156885], [22.469727, 60.201318], [22.564258, 60.205518], [22.589941, 60.228369], [22.587988, 60.255664], [22.516699, 60.262744], [22.512305, 60.281348], [22.584961, 60.380566], [22.25791, 60.400928], [21.933984, 60.500293], [21.854297, 60.50542], [21.805273, 60.594141], [21.727148, 60.58291], [21.613281, 60.530957], [21.436035, 60.596387], [21.410645, 60.636963], [21.404004, 60.767432], [21.360547, 60.96748], [21.377734, 61.059229], [21.479102, 61.170508], [21.513477, 61.281201], [21.521191, 61.41084], [21.501758, 61.45498], [21.506641, 61.484326], [21.565039, 61.484326], [21.498242, 61.551953], [21.522461, 61.567139], [21.592383, 61.568213], [21.605957, 61.591553], [21.551855, 61.666846], [21.545605, 61.702734], [21.384863, 61.914941], [21.255957, 61.989648], [21.259803545927575, 62.0], [30.365365284688835, 62.0]]], [[[21.921484, 60.332275], [21.818652, 60.381836], [21.805664, 60.401221], [21.845996, 60.412451], [21.819336, 60.452295], [21.827246, 60.469922], [21.906836, 60.438477], [21.950293, 60.401709], [21.907813, 60.393164], [21.994238, 60.33667], [21.921484, 60.332275]]], [[[22.301758, 60.347559], [22.35498, 60.355859], [22.415527, 60.303369], [22.312891, 60.269971], [22.305762, 60.228564], [22.346289, 60.202832], [22.360547, 60.165576], [22.258301, 60.165625], [22.209375, 60.196973], [22.188086, 60.236768], [22.077148, 60.286328], [22.125879, 60.355859], [22.175098, 60.370752], [22.301758, 60.347559]]], [[[21.436914, 60.483057], [21.3, 60.479785], [21.244336, 60.525977], [21.214551, 60.603857], [21.268066, 60.638281], [21.30127, 60.595557], [21.450879, 60.52959], [21.436914, 60.483057]]], [[[21.733105, 60.106152], [21.69502, 60.114355], [21.704785, 60.172314], [21.764258, 60.198828], [21.864355, 60.201807], [21.833203, 60.140527], [21.733105, 60.106152]]], [[[21.540625, 60.0979], [21.486035, 60.126807], [21.567969, 60.172314], [21.634082, 60.168994], [21.648145, 60.140869], [21.62832, 60.107812], [21.540625, 60.0979]]]]}}, {"type": "Feature", "properties": {"iso": "EE", "name": "Estonia"}, "geometry": {"type": "MultiPolygon", "coordinates": [[[[27.351953, 57.528125], [27.187109, 57.53833], [26.966016, 57.609131], [26.899805, 57.608789], [26.532617, 57.531006], [26.462109, 57.544482], [26.298047, 57.601074], [26.030371, 57.785547], [25.991113, 57.838184], [25.79375, 57.868555], [25.720898, 57.913818], [25.571289, 57.942773], [25.340039, 58.039453], [25.282617, 58.048486], [25.258301, 57.996143], [25.228711, 57.996582], [25.111035, 58.063428], [24.911328, 58.00459], [24.458887, 57.907861], [24.3625, 57.866162], [24.322559, 57.870605], [24.332031, 57.909766], [24.463867, 58.105957], [24.4875, 58.261621], [24.549707, 58.30459], [24.529102, 58.354248], [24.392188, 58.386084], [24.336914, 58.381396], [24.235645, 58.289551], [24.114844, 58.266113], [24.010938, 58.306641], [23.767578, 58.36084], [23.706055, 58.433008], [23.691504, 58.505615], [23.562793, 58.57583], [23.509277, 58.658545], [23.530664, 58.71626], [23.647461, 58.75415], [23.680762, 58.787158], [23.503613, 58.789844], [23.432031, 58.920654], [23.489648, 58.960498], [23.515039, 58.999219], [23.467773, 59.032178], [23.480176, 59.069678], [23.516992, 59.107568], [23.494434, 59.195654], [23.78252, 59.275146], [24.083398, 59.291895], [24.053613, 59.372314], [24.175391, 59.375928], [24.380371, 59.472656], [24.583594, 59.455664], [24.877539, 59.52207], [25.44375, 59.521143], [25.520898, 59.559473], [25.509277, 59.639014], [25.79375, 59.634668], [26.46084, 59.553906], [26.625, 59.553906], [26.852051, 59.471777], [26.974707, 59.450635], [27.33584, 59.450488], [27.892578, 59.414209], [28.0125, 59.484277], [28.133008, 59.403076], [28.151074, 59.374414], [28.061328, 59.343262], [28.016406, 59.301709], [27.938184, 59.297021], [27.897656, 59.277637], [27.757617, 59.052002], [27.621777, 58.944971], [27.513086, 58.886279], [27.464453, 58.841309], [27.43418, 58.787256], [27.427051, 58.733057], [27.531348, 58.435254], [27.530078, 58.381494], [27.487793, 58.270068], [27.502441, 58.221338], [27.571094, 58.138086], [27.673438, 57.934619], [27.76875, 57.884131], [27.776953, 57.856738], [27.54209, 57.799414], [27.491992, 57.724951], [27.4, 57.666797], [27.351953, 57.528125]]], [[[22.688379, 58.597021], [22.820117, 58.621533], [22.964258, 58.605713], [23.292871, 58.483496], [23.323242, 58.45083], [23.127148, 58.435986], [23.035449, 58.372314], [22.979883, 58.363867], [22.757031, 58.260889], [22.730273, 58.230664], [22.498438, 58.23623], [22.37168, 58.217139], [22.269336, 58.160742], [22.227344, 58.051807], [22.152441, 57.966797], [22.07627, 57.936035], [21.996875, 57.931348], [21.978027, 57.963281], [21.985547, 57.995166], [22.187695, 58.154346], [22.104395, 58.17168], [22.03457, 58.213379], [21.882129, 58.262354], [21.854492, 58.30166], [21.924414, 58.315869], [21.984082, 58.38667], [21.862305, 58.497168], [21.924414, 58.514258], [22.001855, 58.510254], [22.081348, 58.478125], [22.168555, 58.51582], [22.266602, 58.507959], [22.328125, 58.580859], [22.546973, 58.627393], [22.688379, 58.597021]]], [[[22.841699, 58.777441], [22.767285, 58.820898], [22.661426, 58.70918], [22.542188, 58.68999], [22.472656, 58.712061], [22.478906, 58.753809], [22.411035, 58.863379], [22.307422, 58.895459], [22.161914, 58.898486], [22.05625, 58.943604], [22.462598, 58.974316], [22.50459, 59.026465], [22.587207, 59.081201], [22.649414, 59.087109], [22.702246, 59.074414], [22.725488, 59.015088], [22.909863, 58.991211], [22.981641, 58.919824], [23.008691, 58.833936], [22.92373, 58.826904], [22.841699, 58.777441]]], [[[23.260352, 58.53999], [23.063477, 58.611084], [23.109082, 58.659229], [23.16543, 58.678125], [23.332813, 58.648584], [23.356445, 58.575537], [23.343555, 58.550342], [23.260352, 58.53999]]]]}}, {"type": "Feature", "properties": {"iso": "EG", "name": "Egypt"}, "geometry": {"type": "Polygon", "coordinates": [[[24.711621, 30.131543], [24.703223, 30.201074], [24.726465, 30.250586], [24.877539, 30.45752], [24.923047, 30.558008], [24.961426, 30.678516], [24.973926, 30.776562], [24.877539, 31.06123], [24.852734, 31.334814], [25.150488, 31.65498], [25.225488, 31.533789], [25.382227, 31.512793], [25.893262, 31.620898], [27.248047, 31.377881], [27.540039, 31.212695], [27.620117, 31.191748], [27.82998, 31.19502], [27.967578, 31.097412], [28.514844, 31.050439], [28.806934, 30.942676], [28.972754, 30.856738], [29.07207, 30.830273], [29.159961, 30.83457], [29.278906, 30.866943], [29.428516, 30.927441], [29.591602, 31.011523], [29.929785, 31.22749], [30.049414, 31.26543], [30.222656, 31.258398], [30.395117, 31.457617], [30.570996, 31.472998], [30.923535, 31.566846], [30.88418, 31.522363], [30.562988, 31.416992], [30.700488, 31.403857], [31.001758, 31.462793], [31.030859, 31.507568], [31.051953, 31.591553], [31.08291, 31.60332], [31.193945, 31.587598], [31.524414, 31.458252], [31.606543, 31.455762], [31.888965, 31.541406], [31.964258, 31.5021], [32.136035, 31.341064], [32.076074, 31.344482], [31.892188, 31.482471], [31.875879, 31.413721], [31.771094, 31.292578], [31.902051, 31.240186], [32.008496, 31.220508], [32.101758, 31.092822], [32.206543, 31.119043], [32.281836, 31.200879], [32.216211, 31.29375], [32.250586, 31.294922], [32.323535, 31.256055], [32.532813, 31.100732], [32.60332, 31.06875], [32.68457, 31.074023], [32.854492, 31.117725], [32.901563, 31.110937], [33.129883, 31.168164], [33.194336, 31.084521], [33.37793, 31.130957], [33.666504, 31.13042], [33.902539, 31.180957], [34.198145, 31.322607], [34.489941, 30.596289], [34.529688, 30.446045], [34.658594, 30.191455], [34.728498149357286, 30.0], [24.760962752081397, 30.0], [24.711621, 30.131543]]]}}, {"type": "Feature", "properties": {"iso": "FO", "name": "Faeroe Is."}, "geometry": {"type": "MultiPolygon", "coordinates": [[[[-6.642773, 61.768311], [-6.83916, 61.840771], [-6.884766, 61.899121], [-6.790771, 61.895361], [-6.662109, 61.861768], [-6.62583, 61.826709], [-6.642773, 61.768311]]], [[[-6.679688, 61.414307], [-6.770508, 61.452246], [-6.888135, 61.534766], [-6.934863, 61.634326], [-6.905908, 61.630811], [-6.881641, 61.602783], [-6.740625, 61.570508], [-6.741064, 61.536377], [-6.703516, 61.495947], [-6.699463, 61.444629], [-6.679688, 61.414307]]], [[[-6.731844151612081, 62.0], [-6.725195, 61.951465], [-6.849173814178958, 62.0], [-6.731844151612081, 62.0]]]]}}, {"type": "Feature", "properties": {"iso": "DK", "name": "Denmark"}, "geometry": {"type": "MultiPolygon", "coordinates": [[[[12.571191, 55.684961], [12.507031, 55.636621], [12.320605, 55.587842], [12.243457, 55.537891], [12.215039, 55.466504], [12.275391, 55.414258], [12.385156, 55.385645], [12.413086, 55.286182], [12.322461, 55.237109], [12.089941, 55.188135], [12.065527, 55.069922], [12.073047, 54.976758], [12.050391, 54.815332], [11.862305, 54.772607], [11.740918, 54.915332], [11.739844, 54.972461], [11.653809, 55.186914], [11.475879, 55.211523], [11.286328, 55.204443], [11.170703, 55.328613], [11.189746, 55.465625], [11.128027, 55.534766], [11.120996, 55.600732], [11.008789, 55.644434], [10.978906, 55.721533], [11.049609, 55.740234], [11.224414, 55.731201], [11.322266, 55.752539], [11.463672, 55.879297], [11.474707, 55.943457], [11.627734, 55.956885], [11.695898, 55.90791], [11.682227, 55.829492], [11.690918, 55.729004], [11.819727, 55.697656], [11.885352, 55.807959], [11.92207, 55.828076], [11.93457, 55.895898], [11.912793, 55.937305], [11.866406, 55.968164], [12.218945, 56.118652], [12.323242, 56.122119], [12.525781, 56.083398], [12.578711, 56.064062], [12.608398, 56.033008], [12.524805, 55.918457], [12.56875, 55.785059], [12.571191, 55.684961]]], [[[9.739746, 54.825537], [9.61582, 54.85542], [9.341992, 54.806299], [9.25498, 54.808008], [9.18584, 54.844678], [8.90293, 54.896924], [8.670313, 54.903418], [8.638281, 55.045557], [8.572949, 55.134277], [8.669824, 55.155664], [8.651074, 55.328564], [8.615918, 55.418213], [8.132129, 55.599805], [8.202344, 55.982373], [8.121484, 56.139893], [8.163965, 56.606885], [8.281445, 56.616699], [8.473145, 56.56543], [8.55293, 56.560303], [8.607617, 56.514502], [8.67168, 56.495654], [8.718066, 56.544287], [8.736133, 56.627441], [8.888086, 56.735059], [9.06709, 56.793848], [9.196387, 56.70166], [9.254883, 57.011719], [9.110449, 57.043652], [8.992773, 57.016113], [8.876074, 56.887256], [8.771973, 56.725293], [8.603125, 56.7104], [8.468359, 56.664551], [8.268262, 56.754004], [8.266309, 56.815332], [8.284082, 56.852344], [8.427051, 56.984424], [8.618555, 57.111279], [8.811523, 57.110059], [8.952246, 57.150586], [9.036328, 57.15542], [9.298828, 57.146533], [9.433594, 57.174316], [9.554297, 57.232471], [9.815137, 57.478418], [9.962305, 57.580957], [10.259082, 57.617041], [10.533301, 57.7354], [10.609961, 57.736914], [10.480957, 57.648682], [10.444629, 57.562207], [10.537109, 57.448535], [10.517578, 57.379346], [10.524121, 57.243213], [10.436914, 57.172266], [10.338477, 57.021338], [10.296094, 56.999121], [10.282715, 56.620508], [10.383594, 56.554834], [10.490234, 56.520508], [10.845898, 56.521729], [10.926172, 56.443262], [10.856445, 56.295508], [10.753418, 56.241992], [10.621191, 56.2021], [10.538965, 56.200342], [10.426953, 56.276172], [10.31875, 56.212891], [10.22666, 56.005371], [10.183008, 55.865186], [10.159375, 55.853809], [10.107324, 55.874463], [10.017383, 55.876074], [9.903711, 55.842822], [10.023633, 55.761426], [9.999023, 55.735547], [9.899023, 55.707568], [9.810352, 55.650977], [9.773242, 55.608154], [9.661426, 55.557471], [9.591113, 55.493213], [9.670996, 55.266406], [9.643262, 55.204736], [9.504785, 55.11626], [9.453711, 55.039551], [9.572363, 55.040527], [9.64541, 55.022803], [9.732324, 54.968018], [9.705273, 54.92832], [9.739746, 54.825537]]], [[[10.645117, 55.609814], [10.819238, 55.321875], [10.785352, 55.269775], [10.808398, 55.203027], [10.785254, 55.133398], [10.623828, 55.052441], [10.442773, 55.048779], [9.98877, 55.163184], [9.967383, 55.205469], [9.930078, 55.228906], [9.858984, 55.357227], [9.860645, 55.515479], [10.286133, 55.61084], [10.353613, 55.598975], [10.424023, 55.560352], [10.505078, 55.558057], [10.622754, 55.612842], [10.645117, 55.609814]]], [[[11.538379, 54.82959], [11.658105, 54.833154], [11.739551, 54.807422], [11.758984, 54.767676], [11.765918, 54.679443], [11.680371, 54.653711], [11.585938, 54.662451], [11.457422, 54.628857], [11.035547, 54.773096], [11.041699, 54.893359], [11.058594, 54.940576], [11.258496, 54.951807], [11.361426, 54.89165], [11.538379, 54.82959]]], [[[10.689746, 54.745068], [10.62168, 54.851416], [10.856738, 55.052197], [10.925, 55.157861], [10.951074, 55.156201], [10.920801, 55.062109], [10.765234, 54.799658], [10.734082, 54.750732], [10.689746, 54.745068]]], [[[12.511035, 54.950879], [12.35752, 54.961816], [12.184473, 54.89248], [12.118848, 54.914404], [12.161719, 54.974805], [12.258789, 55.021094], [12.274023, 55.064111], [12.310059, 55.040918], [12.417188, 55.031201], [12.513281, 54.997314], [12.549219, 54.965771], [12.511035, 54.950879]]], [[[12.665723, 55.596533], [12.550879, 55.55625], [12.520313, 55.6146], [12.599219, 55.680225], [12.62002, 55.679346], [12.665723, 55.596533]]], [[[10.417285, 54.837158], [10.340527, 54.858936], [10.199902, 54.962744], [10.504883, 54.860547], [10.417285, 54.837158]]], [[[9.957129, 54.872461], [9.903906, 54.896631], [9.80625, 54.906006], [9.771191, 55.059912], [9.830371, 55.058252], [9.998828, 54.986475], [10.06123, 54.886377], [9.957129, 54.872461]]], [[[10.590332, 55.765088], [10.526953, 55.783789], [10.520313, 55.848486], [10.544336, 55.906592], [10.516113, 55.958545], [10.547168, 55.991943], [10.661719, 55.877588], [10.590332, 55.765088]]], [[[11.011426, 57.229102], [10.873828, 57.262256], [10.93457, 57.308594], [11.085742, 57.329932], [11.174512, 57.3229], [11.011426, 57.229102]]], [[[15.050781, 55.004932], [14.885547, 55.032959], [14.68418, 55.102246], [14.713672, 55.238037], [14.765332, 55.296729], [15.132617, 55.144531], [15.137109, 55.087158], [15.087695, 55.021875], [15.050781, 55.004932]]]]}}, {"type": "Feature", "properties": {"iso": "CZ", "name": "Czechia"}, "geometry": {"type": "Polygon", "coordinates": [[[18.832227, 49.510791], [18.749707, 49.493994], [18.596484, 49.491455], [18.41582, 49.390918], [18.364844, 49.33623], [18.160938, 49.257373], [18.109961, 49.179785], [18.085938, 49.065137], [18.050879, 49.036523], [17.913281, 48.99873], [17.892676, 48.971143], [17.758496, 48.888135], [17.625391, 48.841846], [17.482617, 48.827783], [17.188477, 48.860937], [17.135645, 48.841064], [17.063281, 48.780762], [16.985254, 48.676904], [16.953125, 48.598828], [16.883691, 48.703711], [16.712695, 48.734229], [16.543555, 48.79624], [16.47793, 48.800098], [16.367285, 48.738965], [16.057227, 48.754785], [15.825195, 48.864453], [15.700781, 48.860449], [15.310938, 48.974023], [15.161719, 48.946289], [15.066797, 48.997852], [14.993457, 49.001123], [14.972168, 48.983936], [14.947363, 48.827734], [14.922559, 48.771387], [14.821875, 48.774023], [14.785938, 48.747363], [14.706641, 48.671924], [14.691309, 48.599219], [14.488672, 48.625537], [14.431055, 48.61626], [14.367578, 48.576221], [14.189844, 48.578564], [14.049121, 48.60249], [13.98877, 48.692432], [13.814746, 48.766943], [13.769922, 48.815967], [13.547656, 48.959668], [13.440723, 48.955566], [13.401172, 48.977588], [13.339063, 49.060791], [13.28877, 49.097461], [13.227832, 49.11167], [13.140527, 49.15835], [12.916699, 49.330469], [12.813379, 49.329346], [12.681152, 49.414502], [12.500293, 49.639697], [12.390527, 49.739648], [12.497559, 49.853076], [12.512012, 49.895801], [12.457617, 49.955518], [12.276465, 50.042334], [12.207813, 50.09751], [12.175, 50.17583], [12.089746, 50.268555], [12.089844, 50.301758], [12.134863, 50.310937], [12.174805, 50.288379], [12.231152, 50.244873], [12.277344, 50.181445], [12.452637, 50.349805], [12.549023, 50.393408], [12.706445, 50.409131], [12.76543, 50.430957], [12.942676, 50.406445], [12.966797, 50.416211], [13.016406, 50.490381], [13.181152, 50.510498], [13.237695, 50.576758], [13.306055, 50.586328], [13.374609, 50.621729], [13.436133, 50.601074], [13.472559, 50.616943], [13.526563, 50.692822], [13.556738, 50.704639], [13.701367, 50.716504], [13.898535, 50.761279], [14.201758, 50.86123], [14.369043, 50.89873], [14.377051, 50.914062], [14.299414, 50.952588], [14.255859, 51.001855], [14.283203, 51.029492], [14.319727, 51.037793], [14.545703, 50.993945], [14.595215, 50.918604], [14.623828, 50.914746], [14.613574, 50.855566], [14.72334, 50.814697], [14.766504, 50.818311], [14.809375, 50.858984], [14.895801, 50.861377], [14.98291, 50.886572], [14.99375, 51.014355], [15.258594, 50.958545], [15.277051, 50.883008], [15.354395, 50.811768], [15.730566, 50.739697], [15.893945, 50.676904], [15.948535, 50.670264], [16.007227, 50.611621], [16.282227, 50.655615], [16.359961, 50.621387], [16.419727, 50.573633], [16.379102, 50.516895], [16.28252, 50.483008], [16.210352, 50.42373], [16.230762, 50.394092], [16.33418, 50.366895], [16.487598, 50.248389], [16.59668, 50.121924], [16.63916, 50.102148], [16.679102, 50.097461], [16.841797, 50.186719], [16.989648, 50.236914], [16.993359, 50.259717], [16.869141, 50.414502], [16.880078, 50.427051], [17.151953, 50.37832], [17.415234, 50.254785], [17.55459, 50.264062], [17.702246, 50.307178], [17.720117, 50.298633], [17.735449, 50.230762], [17.709277, 50.193555], [17.589355, 50.157471], [17.627051, 50.116406], [17.681055, 50.100781], [17.83125, 49.983301], [17.874805, 49.972266], [17.983789, 49.999072], [18.02832, 50.035254], [18.099219, 49.992773], [18.205273, 49.964746], [18.305273, 49.914062], [18.348438, 49.929834], [18.516211, 49.902393], [18.562402, 49.879346], [18.594629, 49.757812], [18.806934, 49.613721], [18.832227, 49.510791]]]}}, {"type": "Feature", "properties": {"iso": "CY", "name": "Cyprus"}, "geometry": {"type": "Polygon", "coordinates": [[[32.720215, 35.145361], [32.869434, 35.089404], [32.919531, 35.087842], [33.191016, 35.173145], [33.24834, 35.156934], [33.383789, 35.162695], [33.455957, 35.101416], [33.463867, 35.004932], [33.475781, 35.000342], [33.525684, 35.038672], [33.675391, 35.017871], [33.792285, 35.048193], [33.866406, 35.093604], [33.965723, 35.056787], [34.004492, 35.065234], [34.050195, 34.988379], [33.936523, 34.971484], [33.699414, 34.969873], [33.514453, 34.806445], [33.414941, 34.750879], [33.296582, 34.717725], [33.115527, 34.695557], [33.062305, 34.674805], [33.024902, 34.636914], [33.00791, 34.56958], [32.941797, 34.575879], [32.914258, 34.635498], [32.867188, 34.661133], [32.692969, 34.649365], [32.449023, 34.729443], [32.317188, 34.95332], [32.300977, 35.082959], [32.390918, 35.049805], [32.475, 35.08999], [32.555957, 35.155762], [32.652344, 35.182666], [32.712695, 35.171045], [32.720215, 35.145361]]]}}, {"type": "Feature", "properties": {"iso": "HR", "name": "Croatia"}, "geometry": {"type": "MultiPolygon", "coordinates": [[[[13.615234, 45.476758], [13.878711, 45.428369], [13.935645, 45.449805], [13.970117, 45.482617], [13.970313, 45.503369], [13.992773, 45.509424], [14.085547, 45.477832], [14.369922, 45.481445], [14.427344, 45.505762], [14.533984, 45.645264], [14.568848, 45.657227], [14.591797, 45.65127], [14.608594, 45.610107], [14.649512, 45.571484], [14.793066, 45.478223], [14.84707, 45.467334], [14.95459, 45.499902], [15.110449, 45.450781], [15.24209, 45.441406], [15.339453, 45.467041], [15.291211, 45.541553], [15.283594, 45.579687], [15.290137, 45.612646], [15.356934, 45.645508], [15.353711, 45.659912], [15.272949, 45.717725], [15.277051, 45.732617], [15.454102, 45.797607], [15.624805, 45.834033], [15.652148, 45.862158], [15.675586, 45.983691], [15.666211, 46.048486], [15.596875, 46.109229], [15.592578, 46.13999], [15.608984, 46.171924], [15.635938, 46.200732], [16.000684, 46.305371], [16.066504, 46.371338], [16.106445, 46.382227], [16.227441, 46.372852], [16.25332, 46.389111], [16.236719, 46.483838], [16.321191, 46.534619], [16.516211, 46.499902], [16.748047, 46.416406], [16.871484, 46.339307], [16.939941, 46.253662], [17.032715, 46.187305], [17.149609, 46.140332], [17.242188, 46.076611], [17.310645, 45.996143], [17.406348, 45.951074], [17.529199, 45.941309], [17.607031, 45.91377], [17.639648, 45.868359], [17.807129, 45.79043], [18.358301, 45.753027], [18.533594, 45.796143], [18.666016, 45.907471], [18.721777, 45.899365], [18.905371, 45.931738], [18.893555, 45.865527], [18.839063, 45.835742], [18.894531, 45.76709], [18.947266, 45.655811], [18.917871, 45.60083], [18.953711, 45.558008], [19.064258, 45.51499], [19.033301, 45.502197], [19.007617, 45.46582], [19.004688, 45.399512], [19.093066, 45.336914], [19.330273, 45.268066], [19.4, 45.2125], [19.400977, 45.189062], [19.388086, 45.172998], [19.205957, 45.167773], [19.136914, 45.19624], [19.129688, 45.151709], [19.062891, 45.137207], [19.1, 44.973779], [19.085254, 44.926758], [19.060547, 44.910986], [19.00957, 44.919385], [18.995508, 44.904004], [19.007129, 44.869189], [18.941309, 44.865186], [18.836426, 44.883252], [18.788379, 44.914893], [18.779395, 44.977246], [18.746094, 45.026514], [18.662598, 45.077441], [18.488281, 45.08584], [18.284961, 45.134277], [18.137207, 45.119385], [17.996289, 45.141797], [17.874414, 45.077246], [17.812793, 45.078125], [17.690137, 45.158398], [17.653516, 45.163477], [17.502637, 45.120361], [17.324121, 45.163965], [17.258691, 45.170557], [17.210645, 45.156055], [17.125391, 45.171777], [16.918652, 45.276562], [16.79082, 45.196875], [16.530664, 45.216699], [16.293359, 45.008838], [16.231055, 45.026611], [16.157324, 45.072217], [16.02832, 45.1896], [15.888281, 45.215723], [15.822852, 45.202783], [15.788086, 45.178955], [15.736621, 44.76582], [15.880078, 44.681934], [16.049023, 44.537598], [16.103418, 44.520996], [16.214258, 44.215137], [16.300098, 44.124512], [16.590527, 43.913184], [16.713477, 43.778809], [17.08457, 43.516553], [17.248047, 43.470215], [17.273828, 43.445752], [17.275293, 43.343848], [17.293066, 43.305615], [17.402246, 43.198926], [17.624805, 43.042773], [17.650488, 43.006592], [17.657813, 42.980078], [17.643457, 42.959766], [17.585156, 42.938379], [17.329883, 43.114893], [17.129395, 43.211133], [16.903125, 43.392432], [16.600293, 43.464062], [16.393945, 43.543359], [16.131055, 43.506299], [15.985547, 43.519775], [15.942578, 43.568945], [15.941504, 43.656641], [15.499414, 43.908789], [15.18584, 44.172119], [15.122949, 44.256787], [15.284277, 44.288818], [15.470996, 44.271973], [15.269824, 44.383496], [14.981348, 44.60293], [14.895215, 44.706592], [14.885254, 44.818262], [14.906543, 44.971387], [14.85459, 45.081006], [14.632031, 45.2229], [14.550488, 45.297705], [14.386133, 45.342139], [14.312695, 45.337793], [14.268555, 45.28252], [14.236328, 45.159668], [13.96582, 44.835645], [13.860742, 44.837402], [13.74248, 44.991504], [13.629297, 45.108203], [13.60332, 45.231396], [13.517188, 45.481787], [13.57793, 45.516895], [13.615234, 45.476758]]], [[[16.835547, 42.968652], [16.971094, 42.981494], [17.093652, 42.964355], [17.188281, 42.917041], [16.977539, 42.927783], [16.850684, 42.895508], [16.738867, 42.912744], [16.696387, 42.933691], [16.650684, 42.996582], [16.835547, 42.968652]]], [[[17.194043, 43.125781], [16.679199, 43.123145], [16.549805, 43.143896], [16.376465, 43.21377], [16.521387, 43.229248], [16.655957, 43.21377], [16.697266, 43.174951], [17.194043, 43.125781]]], [[[16.627441, 43.268066], [16.490332, 43.286182], [16.423145, 43.317236], [16.448926, 43.387061], [16.834375, 43.35083], [16.891309, 43.314648], [16.785254, 43.270654], [16.627441, 43.268066]]], [[[15.24668, 44.027051], [15.121875, 44.093311], [15.06582, 44.157666], [15.231055, 44.062305], [15.24668, 44.027051]]], [[[14.687012, 44.955615], [14.62832, 44.993945], [14.612988, 45.025439], [14.511719, 45.0354], [14.437891, 45.098633], [14.524609, 45.146826], [14.571094, 45.224756], [14.73916, 45.065479], [14.810254, 44.977051], [14.687012, 44.955615]]], [[[14.856641, 44.714844], [14.7625, 44.754639], [14.678223, 44.769873], [14.660352, 44.799805], [14.672461, 44.824365], [14.690527, 44.848145], [14.754199, 44.844824], [14.856641, 44.714844]]], [[[15.162598, 44.30918], [14.912793, 44.48584], [14.884668, 44.544727], [14.741895, 44.697363], [14.855371, 44.618262], [14.898047, 44.61084], [15.239941, 44.350195], [15.188477, 44.335742], [15.162598, 44.30918]]], [[[15.203027, 43.907715], [15.13584, 43.907275], [14.891309, 44.125537], [14.865039, 44.167969], [14.952539, 44.117188], [15.203027, 43.907715]]], [[[15.437207, 43.899512], [15.374219, 43.914795], [15.308594, 43.960791], [15.27002, 44.010742], [15.371387, 43.973828], [15.437207, 43.899512]]], [[[14.480371, 44.62124], [14.419531, 44.670312], [14.312402, 44.900391], [14.302539, 44.94043], [14.342188, 44.979932], [14.340039, 45.019971], [14.28584, 45.144629], [14.33125, 45.16499], [14.358203, 45.167432], [14.369141, 45.080957], [14.39375, 45.03125], [14.467383, 44.970215], [14.452539, 44.869189], [14.488086, 44.660059], [14.480371, 44.62124]]], [[[17.744238, 42.700342], [17.344141, 42.790381], [17.431934, 42.800391], [17.607813, 42.769043], [17.744238, 42.700342]]], [[[18.438086, 42.522949], [18.51748, 42.43291], [18.160645, 42.634033], [17.823828, 42.797412], [17.584961, 42.837158], [17.258203, 42.968457], [17.04541, 43.014893], [17.219824, 43.025879], [17.723633, 42.850684], [17.667578, 42.897119], [17.740234, 42.915479], [17.801953, 42.902246], [17.841309, 42.845068], [18.123926, 42.690576], [18.304004, 42.599414], [18.436328, 42.559717], [18.438086, 42.522949]]]]}}, {"type": "Feature", "properties": {"iso": "BG", "name": "Bulgaria"}, "geometry": {"type": "Polygon", "coordinates": [[[28.014453, 41.969043], [27.831934, 41.981299], [27.80166, 41.956543], [27.661133, 41.961328], [27.534863, 41.920801], [27.474805, 41.946875], [27.294922, 42.079541], [27.244336, 42.093262], [27.011719, 42.058643], [26.884863, 41.991846], [26.615332, 41.964893], [26.579688, 41.947949], [26.511426, 41.826367], [26.360352, 41.801562], [26.327246, 41.772803], [26.320898, 41.716553], [26.200586, 41.743799], [26.107422, 41.725684], [26.066016, 41.673242], [26.11123, 41.608203], [26.143555, 41.521533], [26.155176, 41.434863], [26.135352, 41.385742], [26.066406, 41.350684], [25.92334, 41.311914], [25.784961, 41.33042], [25.527051, 41.299805], [25.251172, 41.243555], [25.133398, 41.315771], [24.993555, 41.36499], [24.846875, 41.394238], [24.77373, 41.356104], [24.595996, 41.442725], [24.518262, 41.552539], [24.487891, 41.555225], [24.386719, 41.523535], [24.056055, 41.527246], [24.03291, 41.469092], [24.011328, 41.460059], [23.880859, 41.455957], [23.635156, 41.386768], [23.433398, 41.39873], [23.239844, 41.384961], [23.155957, 41.32207], [22.916016, 41.336279], [22.929688, 41.356104], [22.951465, 41.605615], [23.005664, 41.716943], [23.003613, 41.739844], [22.943945, 41.775098], [22.836816, 41.993604], [22.796094, 42.025684], [22.582715, 42.104834], [22.498242, 42.165088], [22.344043, 42.313965], [22.42207, 42.328857], [22.523535, 42.440967], [22.524219, 42.503906], [22.47207, 42.543311], [22.43623, 42.629102], [22.465625, 42.750781], [22.439258, 42.79165], [22.466797, 42.84248], [22.558105, 42.878467], [22.706152, 42.883936], [22.799902, 42.985742], [22.942285, 43.09707], [22.976855, 43.187988], [22.85957, 43.252344], [22.767578, 43.35415], [22.55459, 43.454492], [22.499121, 43.518848], [22.474121, 43.602246], [22.394824, 43.706641], [22.369629, 43.781299], [22.36543, 43.862109], [22.399023, 43.969531], [22.420801, 44.007422], [22.597461, 44.075293], [22.603418, 44.148584], [22.626563, 44.194092], [22.705078, 44.237793], [23.028516, 44.077979], [23.024414, 44.047217], [22.911328, 43.987207], [22.868262, 43.9479], [22.856445, 43.899023], [22.867676, 43.864551], [22.919043, 43.834473], [23.224609, 43.873877], [23.53457, 43.853564], [23.950781, 43.78667], [24.226758, 43.763477], [24.430566, 43.794385], [25.159668, 43.686328], [25.49707, 43.670801], [25.686133, 43.711768], [25.818848, 43.766846], [25.933398, 43.870557], [26.21582, 44.007275], [26.489258, 44.083984], [26.847754, 44.146191], [27.086914, 44.167383], [27.425391, 44.020508], [27.561035, 44.020068], [27.670898, 43.997803], [27.738574, 43.956299], [27.884277, 43.987354], [28.05, 43.822412], [28.221973, 43.772852], [28.423438, 43.740479], [28.585352, 43.742236], [28.561816, 43.501318], [28.46543, 43.389307], [28.319629, 43.426855], [28.133691, 43.395605], [28.035156, 43.268262], [27.928906, 43.186133], [27.896484, 43.020703], [27.888867, 42.749707], [27.818359, 42.71665], [27.753711, 42.706543], [27.484766, 42.468066], [27.639551, 42.400977], [27.708203, 42.349951], [27.821387, 42.208008], [27.982715, 42.047412], [28.014453, 41.969043]]]}}, {"type": "Feature", "properties": {"iso": "BA", "name": "Bosnia and Herz."}, "geometry": {"type": "Polygon", "coordinates": [[[19.356836, 44.858545], [19.291895, 44.696777], [19.151367, 44.527344], [19.132422, 44.483789], [19.118457, 44.359961], [19.151855, 44.302539], [19.338867, 44.22583], [19.583789, 44.043457], [19.583691, 44.011084], [19.549512, 43.987109], [19.449414, 43.978027], [19.305273, 43.993359], [19.24502, 43.965039], [19.488184, 43.703564], [19.495117, 43.642871], [19.47998, 43.595166], [19.45127, 43.562061], [19.399609, 43.567578], [19.360352, 43.593457], [19.300781, 43.591797], [19.254492, 43.584375], [19.194336, 43.533301], [19.080078, 43.517725], [18.974219, 43.542334], [18.950684, 43.52666], [18.940234, 43.496729], [19.036719, 43.357324], [19.02666, 43.292432], [18.978711, 43.2854], [18.934668, 43.339453], [18.851074, 43.346338], [18.674219, 43.230811], [18.621875, 43.124609], [18.623633, 43.027686], [18.488477, 43.012158], [18.443848, 42.968457], [18.466016, 42.777246], [18.543262, 42.67417], [18.545898, 42.641602], [18.534961, 42.620117], [18.436328, 42.559717], [18.304004, 42.599414], [18.123926, 42.690576], [17.841309, 42.845068], [17.801953, 42.902246], [17.740234, 42.915479], [17.667578, 42.897119], [17.585156, 42.938379], [17.643457, 42.959766], [17.657813, 42.980078], [17.650488, 43.006592], [17.624805, 43.042773], [17.402246, 43.198926], [17.293066, 43.305615], [17.275293, 43.343848], [17.273828, 43.445752], [17.248047, 43.470215], [17.08457, 43.516553], [16.713477, 43.778809], [16.590527, 43.913184], [16.300098, 44.124512], [16.214258, 44.215137], [16.103418, 44.520996], [16.049023, 44.537598], [15.880078, 44.681934], [15.736621, 44.76582], [15.788086, 45.178955], [15.822852, 45.202783], [15.888281, 45.215723], [16.02832, 45.1896], [16.157324, 45.072217], [16.231055, 45.026611], [16.293359, 45.008838], [16.530664, 45.216699], [16.79082, 45.196875], [16.918652, 45.276562], [17.125391, 45.171777], [17.210645, 45.156055], [17.258691, 45.170557], [17.324121, 45.163965], [17.502637, 45.120361], [17.653516, 45.163477], [17.690137, 45.158398], [17.812793, 45.078125], [17.874414, 45.077246], [17.996289, 45.141797], [18.137207, 45.119385], [18.284961, 45.134277], [18.488281, 45.08584], [18.662598, 45.077441], [18.746094, 45.026514], [18.779395, 44.977246], [18.788379, 44.914893], [18.836426, 44.883252], [18.941309, 44.865186], [19.04209, 44.871338], [19.236816, 44.914258], [19.348633, 44.880908], [19.356836, 44.858545]]]}}, {"type": "Feature", "properties": {"iso": "BE", "name": "Belgium"}, "geometry": {"type": "Polygon", "coordinates": [[[4.304492, 51.361523], [4.404004, 51.36709], [4.384766, 51.427588], [4.503418, 51.474707], [4.58877, 51.421924], [4.633984, 51.421729], [4.755664, 51.491113], [4.810547, 51.452734], [4.820703, 51.412061], [4.848047, 51.403271], [4.943945, 51.407764], [5.030957, 51.469092], [5.059473, 51.453125], [5.099902, 51.346484], [5.21416, 51.278955], [5.31084, 51.259717], [5.476855, 51.285059], [5.608789, 51.198437], [5.752344, 51.169482], [5.827148, 51.125635], [5.818262, 51.086426], [5.749805, 50.98877], [5.75, 50.950244], [5.647559, 50.86665], [5.639453, 50.843604], [5.693652, 50.774658], [5.74707, 50.75957], [5.993945, 50.750439], [6.235938, 50.59668], [6.168457, 50.545361], [6.178711, 50.52251], [6.203027, 50.499121], [6.294922, 50.485498], [6.340918, 50.451758], [6.364453, 50.316162], [6.175098, 50.232666], [6.116504, 50.120996], [6.089063, 50.15459], [5.97627, 50.167187], [5.866895, 50.082812], [5.788086, 49.96123], [5.744043, 49.919629], [5.725, 49.808301], [5.787988, 49.758887], [5.880371, 49.644775], [5.81543, 49.553809], [5.789746, 49.538281], [5.507324, 49.510889], [5.278809, 49.67793], [5.124121, 49.721484], [5.006934, 49.778369], [4.867578, 49.788135], [4.841504, 49.914502], [4.790039, 49.95957], [4.860547, 50.135889], [4.818652, 50.153174], [4.706641, 50.09707], [4.656152, 50.002441], [4.54502, 49.960254], [4.36875, 49.944971], [4.149316, 49.971582], [4.136816, 50.0], [4.183887, 50.052832], [4.192188, 50.094141], [4.135254, 50.143799], [4.174609, 50.246484], [4.044141, 50.321338], [3.949707, 50.335938], [3.748047, 50.343506], [3.689355, 50.306055], [3.667285, 50.324805], [3.626758, 50.457324], [3.59541, 50.477344], [3.316211, 50.507373], [3.27334, 50.531543], [3.234961, 50.662939], [3.182031, 50.731689], [3.106836, 50.779443], [2.839746, 50.711768], [2.759375, 50.750635], [2.596777, 50.875928], [2.579297, 50.911768], [2.601465, 50.955273], [2.536035, 51.049512], [2.524902, 51.097119], [2.960156, 51.26543], [3.350098, 51.377686], [3.380078, 51.291113], [3.43252, 51.245752], [3.471973, 51.242236], [3.580273, 51.286182], [3.681836, 51.275684], [3.830762, 51.212598], [3.902051, 51.207666], [4.040039, 51.24707], [4.172559, 51.30708], [4.226172, 51.386475], [4.304492, 51.361523]]]}}, {"type": "Feature", "properties": {"iso": "BY", "name": "Belarus"}, "geometry": {"type": "Polygon", "coordinates": [[[31.763379, 52.101074], [31.345996, 52.105371], [31.217969, 52.050244], [31.079297, 52.076953], [30.980664, 52.046191], [30.755273, 51.895166], [30.667285, 51.814111], [30.533008, 51.596338], [30.602344, 51.47124], [30.63252, 51.35542], [30.576953, 51.318359], [30.544531, 51.265039], [30.449512, 51.274316], [30.333398, 51.325537], [30.308984, 51.399609], [30.160742, 51.477881], [30.06377, 51.482031], [29.553125, 51.43457], [29.346484, 51.382568], [29.298828, 51.413037], [29.174219, 51.580615], [29.102051, 51.627539], [29.060742, 51.625439], [28.977734, 51.571777], [28.849512, 51.540186], [28.793262, 51.510352], [28.73125, 51.433398], [28.647754, 51.456543], [28.599023, 51.542627], [28.183789, 51.607861], [28.080273, 51.565039], [28.010742, 51.559766], [27.858594, 51.592383], [27.741309, 51.482568], [27.7, 51.477979], [27.676758, 51.489941], [27.689746, 51.572412], [27.601367, 51.601611], [27.296289, 51.597412], [27.141992, 51.752051], [26.773438, 51.770703], [26.453418, 51.813428], [26.394336, 51.844434], [25.785742, 51.923828], [25.066699, 51.930518], [24.866406, 51.899121], [24.361914, 51.867529], [24.280078, 51.774707], [24.126855, 51.664648], [23.97832, 51.591309], [23.951172, 51.585059], [23.864258, 51.623975], [23.706836, 51.641309], [23.608594, 51.610498], [23.605273, 51.51792], [23.539648, 51.618896], [23.544824, 51.710254], [23.625684, 51.809326], [23.607422, 51.879785], [23.651074, 51.972998], [23.652441, 52.040381], [23.597949, 52.103076], [23.458398, 52.169531], [23.196973, 52.256934], [23.175098, 52.286621], [23.204102, 52.337891], [23.410938, 52.516211], [23.47959, 52.551562], [23.844727, 52.664209], [23.90127, 52.703613], [23.91543, 52.770264], [23.909375, 52.904883], [23.85918, 53.112109], [23.789258, 53.270947], [23.598926, 53.599219], [23.484668, 53.939795], [23.559082, 53.919824], [23.733691, 53.912256], [23.872559, 53.935693], [24.008496, 53.931641], [24.191309, 53.950439], [24.317969, 53.892969], [24.620703, 53.979834], [24.768164, 53.974658], [24.789258, 53.998242], [24.825684, 54.118994], [24.869531, 54.145166], [25.046094, 54.133057], [25.111426, 54.154932], [25.179492, 54.214258], [25.283691, 54.25127], [25.370605, 54.251221], [25.461133, 54.292773], [25.505664, 54.264941], [25.527344, 54.215137], [25.497363, 54.175244], [25.510352, 54.159619], [25.573047, 54.139893], [25.749219, 54.156982], [25.765234, 54.179785], [25.765039, 54.221191], [25.748145, 54.259668], [25.702539, 54.292969], [25.55752, 54.310693], [25.547363, 54.331836], [25.620313, 54.4604], [25.724805, 54.564258], [25.722461, 54.717871], [25.780859, 54.833252], [25.859277, 54.919287], [26.092969, 54.962305], [26.175195, 55.003271], [26.250781, 55.124512], [26.291797, 55.1396], [26.601172, 55.130176], [26.648438, 55.204199], [26.775684, 55.273096], [26.760156, 55.293359], [26.495313, 55.318018], [26.457617, 55.34248], [26.566602, 55.546484], [26.593555, 55.667529], [26.822461, 55.709229], [26.953027, 55.812939], [27.052539, 55.830566], [27.30918, 55.803906], [27.576758, 55.798779], [27.642285, 55.911719], [27.896289, 56.076172], [28.032031, 56.133301], [28.117871, 56.145801], [28.147949, 56.14292], [28.284277, 56.055908], [28.316309, 56.052539], [28.407031, 56.089014], [28.563965, 56.091992], [28.636914, 56.061768], [28.74082, 55.955371], [28.794727, 55.942578], [29.031738, 56.021777], [29.087402, 56.021143], [29.375, 55.938721], [29.397949, 55.881055], [29.353418, 55.784375], [29.412988, 55.724854], [29.482227, 55.68457], [29.630078, 55.751172], [29.744141, 55.77041], [29.937012, 55.845264], [30.233594, 55.845215], [30.45625, 55.786816], [30.625586, 55.66626], [30.800781, 55.601123], [30.855957, 55.60752], [30.906836, 55.57002], [30.900586, 55.397412], [30.810547, 55.306982], [30.814453, 55.278711], [30.958887, 55.137598], [30.977734, 55.050488], [30.829883, 54.91499], [30.791016, 54.806006], [30.798828, 54.783252], [31.152148, 54.625342], [31.074805, 54.491797], [31.184766, 54.452979], [31.245508, 54.39165], [31.299121, 54.291699], [31.403613, 54.195947], [31.791992, 54.055908], [31.825977, 54.030713], [31.837793, 54.000781], [31.825293, 53.93501], [31.754199, 53.810449], [31.820801, 53.791943], [32.200391, 53.78125], [32.450195, 53.69292], [32.450977, 53.65332], [32.425195, 53.617285], [32.469629, 53.546973], [32.685742, 53.448145], [32.706445, 53.419434], [32.704297, 53.336328], [32.578027, 53.312402], [32.469336, 53.270312], [32.42627, 53.210596], [32.141992, 53.091162], [31.849707, 53.106201], [31.777441, 53.146875], [31.747461, 53.18418], [31.668262, 53.200928], [31.388379, 53.184814], [31.258789, 53.016699], [31.535156, 52.798242], [31.564844, 52.759229], [31.563477, 52.731445], [31.519434, 52.69873], [31.526172, 52.633008], [31.615918, 52.546191], [31.585547, 52.532471], [31.577344, 52.312305], [31.690625, 52.220654], [31.763379, 52.101074]]]}}, {"type": "Feature", "properties": {"iso": "AZ", "name": "Azerbaijan"}, "geometry": {"type": "MultiPolygon", "coordinates": [[[[45.000195, 39.423535], [44.768262, 39.703516], [45.031641, 39.765137], [45.124609, 39.696338], [45.148633, 39.656592], [45.152832, 39.582666], [45.172559, 39.570605], [45.252539, 39.595459], [45.349902, 39.529883], [45.456836, 39.494482], [45.687402, 39.564062], [45.750488, 39.562939], [45.784473, 39.545605], [45.796484, 39.488135], [45.766309, 39.378467], [45.977441, 39.243896], [45.951855, 39.178125], [46.0, 39.09590841375754], [46.0, 38.8956880853732], [45.575, 38.972803], [45.479688, 39.00625], [45.335547, 39.13916], [45.141211, 39.254297], [45.07168, 39.362891], [45.000195, 39.423535]]], [[[46.0, 39.736022978693946], [45.863184, 39.80835], [45.789648, 39.881104], [45.661816, 39.956201], [45.579785, 39.977539], [45.595996, 40.002832], [45.630176, 40.014209], [45.858105, 40.011279], [45.885938, 40.024854], [45.967578, 40.174805], [45.964648, 40.233789], [45.569531, 40.416846], [45.454395, 40.532373], [45.376172, 40.638086], [45.401367, 40.707129], [45.579395, 40.804492], [45.5875, 40.846924], [45.444238, 40.947998], [45.419141, 40.985693], [45.368945, 41.004883], [45.273438, 41.00625], [45.062598, 41.088135], [45.190234, 41.126367], [45.188574, 41.147412], [45.084766, 41.195459], [45.022949, 41.245703], [45.001367, 41.290967], [45.217188, 41.423193], [45.280957, 41.449561], [45.422266, 41.425293], [45.715625, 41.337646], [45.695703, 41.289014], [45.725488, 41.261621], [45.792773, 41.224414], [46.0, 41.17284255099426], [46.0, 39.736022978693946]], [[45.562305, 40.64917], [45.504492, 40.664844], [45.478809, 40.64834], [45.478809, 40.606982], [45.514355, 40.599561], [45.552344, 40.616064], [45.562305, 40.64917]]], [[[45.002051, 41.01582], [44.969043, 41.027246], [44.961426, 41.079248], [45.021094, 41.077979], [45.023633, 41.027246], [45.002051, 41.01582]]]]}}, {"type": "Feature", "properties": {"iso": "AT", "name": "Austria"}, "geometry": {"type": "Polygon", "coordinates": [[[9.609082, 47.391797], [9.625879, 47.467041], [9.524023, 47.524219], [9.650586, 47.525879], [9.748926, 47.575537], [10.034082, 47.473584], [10.074219, 47.428516], [10.066309, 47.393359], [10.200293, 47.363428], [10.183008, 47.278809], [10.240625, 47.284131], [10.312793, 47.313428], [10.369141, 47.366064], [10.403906, 47.416992], [10.439453, 47.551562], [10.658691, 47.547217], [10.741602, 47.524121], [10.873047, 47.520215], [10.893945, 47.470459], [10.980859, 47.398145], [11.041992, 47.393115], [11.191211, 47.425195], [11.211914, 47.413623], [11.297949, 47.424902], [11.374121, 47.460254], [11.392969, 47.487158], [11.716797, 47.583496], [12.185645, 47.619531], [12.203809, 47.646729], [12.196875, 47.709082], [12.209277, 47.718262], [12.363184, 47.688184], [12.48291, 47.637305], [12.68584, 47.669336], [12.771387, 47.639404], [12.796191, 47.607031], [12.782813, 47.56416], [12.809375, 47.542187], [12.968066, 47.475684], [13.014355, 47.478076], [13.047949, 47.57915], [13.054102, 47.655127], [13.033594, 47.69873], [12.897656, 47.721875], [12.954199, 47.807764], [12.953516, 47.890625], [12.760059, 48.075977], [12.760352, 48.106982], [12.814258, 48.16084], [13.082129, 48.275098], [13.322852, 48.33125], [13.374609, 48.361377], [13.409375, 48.394141], [13.459863, 48.564551], [13.486621, 48.581836], [13.675195, 48.523047], [13.723926, 48.542383], [13.785352, 48.587451], [13.814746, 48.766943], [13.98877, 48.692432], [14.049121, 48.60249], [14.189844, 48.578564], [14.367578, 48.576221], [14.431055, 48.61626], [14.488672, 48.625537], [14.691309, 48.599219], [14.706641, 48.671924], [14.785938, 48.747363], [14.821875, 48.774023], [14.922559, 48.771387], [14.947363, 48.827734], [14.972168, 48.983936], [14.993457, 49.001123], [15.066797, 48.997852], [15.161719, 48.946289], [15.310938, 48.974023], [15.700781, 48.860449], [15.825195, 48.864453], [16.057227, 48.754785], [16.367285, 48.738965], [16.47793, 48.800098], [16.543555, 48.79624], [16.712695, 48.734229], [16.883691, 48.703711], [16.953125, 48.598828], [16.943359, 48.550928], [16.862695, 48.441406], [16.86543, 48.386914], [16.972656, 48.198096], [17.067871, 48.083252], [17.085938, 48.039551], [17.147363, 48.005957], [17.089063, 47.963623], [17.077734, 47.900879], [17.039941, 47.872949], [17.030078, 47.837109], [17.066602, 47.707568], [16.823047, 47.693994], [16.785938, 47.678662], [16.590918, 47.750537], [16.550977, 47.747363], [16.421289, 47.674463], [16.432129, 47.656299], [16.639746, 47.608887], [16.676563, 47.536035], [16.623047, 47.447559], [16.514746, 47.404541], [16.442871, 47.399512], [16.434375, 47.367432], [16.462598, 47.273145], [16.416895, 47.223437], [16.438379, 47.145898], [16.482813, 47.140381], [16.492676, 47.122656], [16.46123, 47.022461], [16.423926, 46.996973], [16.331836, 47.002197], [16.252539, 46.971924], [16.093066, 46.863281], [16.037207, 46.844824], [15.976855, 46.801367], [15.980469, 46.705859], [15.957617, 46.677637], [15.766895, 46.711279], [15.632617, 46.698437], [15.545313, 46.654639], [15.439258, 46.629639], [15.216992, 46.642969], [14.893262, 46.605908], [14.840625, 46.580469], [14.756738, 46.499121], [14.596973, 46.436084], [14.549805, 46.399707], [14.503516, 46.417041], [14.099512, 46.461914], [13.831348, 46.51123], [13.490039, 46.555566], [13.16875, 46.572656], [12.479199, 46.67251], [12.388281, 46.702637], [12.154102, 46.935254], [12.130762, 46.984766], [12.20127, 47.060889], [12.169434, 47.082129], [11.775684, 46.986084], [11.527539, 46.997412], [11.244434, 46.975684], [11.133887, 46.936182], [11.025098, 46.796973], [10.993262, 46.777002], [10.927344, 46.769482], [10.759766, 46.793311], [10.689258, 46.846387], [10.452832, 46.864941], [10.45459, 46.899414], [10.414941, 46.964404], [10.349414, 46.984766], [10.179785, 46.862354], [10.133496, 46.851514], [9.996875, 46.885352], [9.877734, 46.937695], [9.845313, 47.007373], [9.74502, 47.037109], [9.580273, 47.057373], [9.610547, 47.107129], [9.555762, 47.185498], [9.527539, 47.270752], [9.609082, 47.391797]]]}}, {"type": "Feature", "properties": {"iso": "AM", "name": "Armenia"}, "geometry": {"type": "MultiPolygon", "coordinates": [[[[44.733789, 39.746484], [44.399609, 39.995752], [44.289258, 40.040381], [44.005371, 40.014111], [43.791699, 40.070264], [43.666211, 40.126367], [43.709863, 40.166504], [43.608398, 40.356592], [43.61582, 40.393311], [43.569336, 40.482373], [43.667871, 40.574072], [43.712891, 40.647754], [43.722656, 40.719531], [43.631641, 40.929004], [43.591699, 40.968213], [43.51748, 41.004834], [43.455273, 41.064697], [43.439453, 41.107129], [43.793164, 41.131104], [44.227344, 41.21333], [44.473047, 41.191016], [44.564844, 41.208203], [44.841406, 41.211377], [44.848535, 41.220166], [44.811328, 41.259375], [45.001367, 41.290967], [45.022949, 41.245703], [45.084766, 41.195459], [45.188574, 41.147412], [45.190234, 41.126367], [45.070703, 41.10083], [45.070508, 41.075586], [45.273438, 41.00625], [45.368945, 41.004883], [45.419141, 40.985693], [45.444238, 40.947998], [45.5875, 40.846924], [45.591406, 40.829736], [45.579395, 40.804492], [45.401367, 40.707129], [45.376172, 40.638086], [45.454395, 40.532373], [45.569531, 40.416846], [45.964648, 40.233789], [45.967578, 40.174805], [45.885938, 40.024854], [45.858105, 40.011279], [45.630176, 40.014209], [45.595996, 40.002832], [45.579785, 39.977539], [45.661816, 39.956201], [45.789648, 39.881104], [45.863184, 39.80835], [46.0, 39.736022978693946], [46.0, 39.09590841375754], [45.951855, 39.178125], [45.977441, 39.243896], [45.766309, 39.378467], [45.796484, 39.488135], [45.784473, 39.545605], [45.750488, 39.562939], [45.687402, 39.564062], [45.456836, 39.494482], [45.349902, 39.529883], [45.252539, 39.595459], [45.172559, 39.570605], [45.152832, 39.582666], [45.148633, 39.656592], [45.124609, 39.696338], [45.031641, 39.765137], [44.768262, 39.703516], [44.733789, 39.746484]], [[45.023633, 41.027246], [45.021094, 41.077979], [44.961426, 41.079248], [44.969043, 41.027246], [45.002051, 41.01582], [45.023633, 41.027246]]], [[[45.514355, 40.599561], [45.478809, 40.606982], [45.478809, 40.64834], [45.504492, 40.664844], [45.562305, 40.64917], [45.552344, 40.616064], [45.514355, 40.599561]]]]}}, {"type": "Feature", "properties": {"iso": "AD", "name": "Andorra"}, "geometry": {"type": "Polygon", "coordinates": [[[1.706055, 42.50332], [1.534082, 42.441699], [1.448828, 42.437451], [1.428125, 42.461328], [1.414844, 42.548389], [1.42832, 42.595898], [1.501367, 42.642725], [1.709863, 42.604443], [1.740234, 42.556738], [1.706055, 42.50332]]]}}, {"type": "Feature", "properties": {"iso": "DZ", "name": "Algeria"}, "geometry": {"type": "Polygon", "coordinates": [[[8.576563, 36.937207], [8.60127, 36.833936], [8.444238, 36.760742], [8.369629, 36.63252], [8.207617, 36.518945], [8.208789, 36.495117], [8.302734, 36.455615], [8.333984, 36.418164], [8.34873, 36.367969], [8.245703, 35.870557], [8.24707, 35.801807], [8.318066, 35.654932], [8.329004, 35.582227], [8.316406, 35.403125], [8.394238, 35.203857], [8.312109, 35.084619], [8.276855, 34.979492], [8.245605, 34.734082], [8.123438, 34.563916], [7.838281, 34.410303], [7.748535, 34.254492], [7.554492, 34.125], [7.513867, 34.080518], [7.495605, 33.976514], [7.500195, 33.832471], [7.534375, 33.71792], [7.70918, 33.362305], [7.731348, 33.268506], [7.762695, 33.233105], [8.075586, 33.089062], [8.1125, 33.055322], [8.210938, 32.926709], [8.304199, 32.696289], [8.333398, 32.543604], [9.018945, 32.105371], [9.044043, 32.072363], [9.51875, 30.229395], [9.310254, 30.115234], [9.386799280617197, 30.0], [-5.3830945533728585, 30.0], [-5.293652, 30.058643], [-5.180127, 30.166162], [-4.968262, 30.465381], [-4.778516, 30.552393], [-4.322852, 30.698877], [-3.985352, 30.913525], [-3.702002, 30.944482], [-3.626904, 31.000928], [-3.624512, 31.065771], [-3.67251, 31.111377], [-3.770996, 31.161816], [-3.811816, 31.166602], [-3.833398, 31.197803], [-3.815137, 31.308838], [-3.78916, 31.361816], [-3.796436, 31.437109], [-3.849561, 31.566406], [-3.826758, 31.661914], [-3.700244, 31.700098], [-3.60459, 31.686768], [-3.439795, 31.704541], [-3.017383, 31.834277], [-2.988232, 31.874219], [-2.930859, 32.042529], [-2.863428, 32.074707], [-2.448389, 32.12998], [-1.275342, 32.089014], [-1.225928, 32.107227], [-1.225928, 32.164551], [-1.262109, 32.271143], [-1.240332, 32.337598], [-1.065527, 32.468311], [-1.111035, 32.552295], [-1.352148, 32.703369], [-1.45, 32.784814], [-1.51001, 32.877637], [-1.550732, 33.073584], [-1.625098, 33.18335], [-1.679199, 33.318652], [-1.63125, 33.566748], [-1.702979, 33.716846], [-1.714111, 33.781836], [-1.692676, 33.990283], [-1.706934, 34.176074], [-1.791797, 34.36792], [-1.733301, 34.467041], [-1.739453, 34.496094], [-1.816602, 34.55708], [-1.849658, 34.607324], [-1.792187, 34.723193], [-1.795605, 34.751904], [-2.131787, 34.97085], [-2.190771, 35.029785], [-2.219629, 35.104199], [-2.017773, 35.085059], [-1.913281, 35.094238], [-1.673633, 35.183105], [-1.48374, 35.303076], [-1.33584, 35.364258], [-1.205371, 35.495752], [-1.087695, 35.578857], [-0.91748, 35.668408], [-0.426123, 35.861523], [-0.350781, 35.863184], [-0.18916, 35.819092], [-0.048242, 35.832812], [0.047949, 35.900537], [0.15166, 36.063135], [0.312207, 36.162354], [0.514941, 36.261816], [0.79082, 36.356543], [0.97168, 36.443945], [1.257227, 36.51958], [1.974512, 36.567578], [2.342871, 36.610303], [2.593359, 36.600684], [2.846484, 36.738867], [2.972852, 36.784473], [3.520508, 36.795117], [3.779004, 36.896191], [4.758105, 36.896338], [4.877832, 36.862402], [4.99541, 36.808057], [5.195605, 36.676807], [5.29541, 36.648242], [5.424609, 36.675439], [5.725488, 36.799609], [6.064746, 36.864258], [6.249121, 36.93833], [6.327832, 37.046045], [6.486523, 37.085742], [6.575879, 37.003027], [6.927539, 36.919434], [7.143457, 36.943359], [7.238477, 36.968506], [7.204297, 37.092383], [7.432422, 37.059277], [7.607715, 36.999756], [7.791602, 36.880273], [7.910449, 36.856348], [8.127148, 36.910352], [8.576563, 36.937207]]]}}, {"type": "Feature", "properties": {"iso": "AL", "name": "Albania"}, "geometry": {"type": "Polygon", "coordinates": [[[19.342383, 41.869092], [19.361426, 42.069092], [19.330859, 42.129297], [19.280664, 42.172559], [19.399609, 42.341895], [19.597461, 42.56543], [19.654492, 42.628564], [19.703418, 42.647949], [19.740723, 42.606934], [19.737793, 42.525146], [19.788281, 42.476172], [20.063965, 42.547266], [20.103516, 42.524658], [20.240527, 42.338965], [20.348242, 42.308789], [20.408301, 42.274951], [20.485449, 42.223389], [20.522852, 42.171484], [20.575391, 42.013086], [20.581445, 41.917432], [20.505176, 41.706494], [20.516211, 41.574756], [20.448633, 41.521289], [20.492383, 41.391406], [20.488965, 41.272607], [20.567871, 41.127832], [20.656055, 41.06167], [20.709277, 40.928369], [20.74082, 40.905273], [20.870215, 40.91792], [20.933496, 40.903125], [20.964258, 40.849902], [20.955762, 40.775293], [21.031055, 40.658643], [21.030859, 40.622461], [20.950195, 40.494385], [20.806055, 40.445459], [20.717871, 40.292676], [20.657422, 40.117383], [20.60625, 40.082666], [20.408008, 40.049463], [20.383691, 40.017187], [20.311133, 39.979443], [20.311328, 39.950781], [20.381641, 39.841797], [20.382422, 39.802637], [20.306152, 39.79668], [20.27207, 39.701172], [20.206836, 39.653516], [20.131055, 39.661621], [20.059766, 39.699121], [20.00127, 39.709424], [19.995605, 39.801025], [19.964844, 39.872266], [19.851855, 40.043555], [19.48457, 40.209961], [19.398145, 40.284863], [19.322266, 40.40708], [19.358594, 40.40874], [19.440527, 40.375684], [19.45918, 40.405371], [19.439258, 40.470264], [19.344629, 40.62207], [19.3375, 40.663818], [19.383887, 40.790723], [19.46123, 40.933301], [19.456055, 41.106055], [19.480078, 41.236377], [19.440625, 41.424756], [19.497363, 41.562695], [19.575684, 41.64043], [19.577539, 41.7875], [19.468262, 41.856152], [19.342383, 41.869092]]]}}]}